latitude,longitude,elevation,utc_offset_seconds,timezone,timezone_abbreviation
51.493847,-0.1630249,23.0,3600,Europe/London,BST

time,weather_code (wmo code),temperature_2m_max (°C),temperature_2m_min (°C),temperature_2m_mean (°C),apparent_temperature_max (°C),apparent_temperature_min (°C),apparent_temperature_mean (°C),sunrise (iso8601),sunset (iso8601),daylight_duration (s),sunshine_duration (s),precipitation_sum (mm),rain_sum (mm),precipitation_hours (h),wind_speed_10m_max (km/h),wind_direction_10m_dominant (°)
2011-11-01,51,15.0,8.9,13.1,13.2,7.1,11.3,2011-11-01T07:53,2011-11-01T17:34,34876.89,23635.93,0.90,0.90,5.0,18.8,205
2011-11-02,51,14.2,8.4,11.4,12.1,6.0,8.6,2011-11-02T07:55,2011-11-02T17:33,34662.17,24176.65,1.60,1.60,5.0,23.4,142
2011-11-03,53,15.6,12.9,14.6,13.7,11.9,12.8,2011-11-03T07:57,2011-11-03T17:31,34448.32,899.05,4.10,4.10,15.0,25.8,163
2011-11-04,61,14.9,11.1,12.7,12.8,10.2,11.4,2011-11-04T07:59,2011-11-04T17:29,34235.54,10425.34,12.80,12.80,16.0,19.6,177
2011-11-05,51,13.9,8.6,11.4,12.0,7.5,9.7,2011-11-05T08:00,2011-11-05T17:27,34024.06,6934.98,0.40,0.40,4.0,19.0,355
2011-11-06,3,11.2,7.9,9.9,7.9,4.1,6.1,2011-11-06T08:02,2011-11-06T17:26,33814.12,11457.71,0.00,0.00,0.0,23.6,1
2011-11-07,3,12.9,9.7,11.2,9.5,5.8,8.0,2011-11-07T08:04,2011-11-07T17:24,33605.95,0.00,0.00,0.00,0.0,22.1,28
2011-11-08,51,11.8,9.9,10.8,9.7,8.1,8.9,2011-11-08T08:06,2011-11-08T17:22,33399.78,0.00,0.10,0.10,1.0,12.6,97
2011-11-09,3,14.5,9.8,11.4,11.9,7.9,9.4,2011-11-09T08:07,2011-11-09T17:21,33195.87,25653.29,0.00,0.00,0.0,19.9,153
2011-11-10,53,14.1,8.6,10.9,13.0,7.0,9.3,2011-11-10T08:09,2011-11-10T17:19,32994.46,13305.33,0.90,0.90,2.0,13.8,115
2011-11-11,3,12.6,8.6,10.4,10.4,6.3,8.1,2011-11-11T08:11,2011-11-11T17:17,32795.84,191.26,0.00,0.00,0.0,19.5,124
2011-11-12,51,15.9,11.3,13.2,15.5,9.3,12.2,2011-11-12T08:13,2011-11-12T17:16,32600.26,14279.88,0.30,0.30,2.0,16.8,136
2011-11-13,3,14.6,9.3,11.2,12.6,7.0,9.1,2011-11-13T08:14,2011-11-13T17:14,32407.99,26025.54,0.00,0.00,0.0,16.7,93
2011-11-14,3,11.8,8.7,9.8,10.0,6.4,7.6,2011-11-14T08:16,2011-11-14T17:13,32219.33,1166.46,0.00,0.00,0.0,15.6,89
2011-11-15,3,10.2,6.8,8.7,7.1,3.9,5.9,2011-11-15T08:18,2011-11-15T17:12,32034.55,17073.68,0.00,0.00,0.0,16.2,81
2011-11-16,3,9.7,6.3,7.7,7.5,3.8,5.2,2011-11-16T08:19,2011-11-16T17:10,31853.96,26352.93,0.00,0.00,0.0,13.5,114
2011-11-17,3,13.4,8.6,10.4,11.9,5.7,8.5,2011-11-17T08:21,2011-11-17T17:09,31677.57,27012.97,0.00,0.00,0.0,16.9,191
2011-11-18,2,13.5,8.6,10.6,10.7,6.0,7.9,2011-11-18T08:23,2011-11-18T17:08,31503.51,26611.43,0.00,0.00,0.0,21.0,178
2011-11-19,3,12.2,5.8,8.5,10.8,3.6,6.2,2011-11-19T08:24,2011-11-19T17:06,31331.59,26619.14,0.00,0.00,0.0,13.9,130
2011-11-20,3,10.6,3.8,6.7,9.0,1.3,4.6,2011-11-20T08:26,2011-11-20T17:05,31162.03,16005.89,0.00,0.00,0.0,11.2,129
2011-11-21,3,10.2,4.7,7.7,8.0,2.2,5.4,2011-11-21T08:28,2011-11-21T17:04,30995.05,129.62,0.00,0.00,0.0,14.4,115
2011-11-22,51,12.9,8.8,10.3,12.8,7.5,9.2,2011-11-22T08:29,2011-11-22T17:03,30830.88,0.00,0.40,0.40,3.0,11.8,23
2011-11-23,3,10.2,2.9,7.4,7.5,0.1,4.9,2011-11-23T08:31,2011-11-23T17:02,30669.77,20276.44,0.00,0.00,0.0,13.9,238
2011-11-24,3,12.1,7.7,9.6,9.2,5.0,6.5,2011-11-24T08:33,2011-11-24T17:01,30511.93,8172.79,0.00,0.00,0.0,24.5,210
2011-11-25,3,12.6,6.4,10.5,9.5,3.3,6.7,2011-11-25T08:34,2011-11-25T17:00,30357.63,24357.22,0.00,0.00,0.0,27.6,243
2011-11-26,2,11.9,6.2,8.9,6.9,2.8,4.8,2011-11-26T08:36,2011-11-26T16:59,30207.11,21413.77,0.00,0.00,0.0,32.4,234
2011-11-27,3,13.1,3.0,9.8,8.6,-0.1,5.5,2011-11-27T08:37,2011-11-27T16:58,30060.62,22510.20,0.00,0.00,0.0,32.2,252
2011-11-28,3,11.7,0.1,5.8,8.6,-3.1,2.7,2011-11-28T08:39,2011-11-28T16:57,29918.42,16263.54,0.00,0.00,0.0,21.6,195
2011-11-29,61,13.1,6.1,11.0,9.3,1.4,6.6,2011-11-29T08:40,2011-11-29T16:57,29780.77,7367.76,2.30,2.30,3.0,36.6,210
2011-11-30,3,11.2,5.6,8.1,7.5,0.9,3.8,2011-11-30T08:42,2011-11-30T16:56,29647.94,24027.56,0.00,0.00,0.0,27.0,210
2011-12-01,55,10.9,6.4,9.2,7.5,3.6,5.9,2011-12-01T08:43,2011-12-01T16:55,29520.20,8147.81,5.20,5.20,10.0,34.9,217
2011-12-02,53,6.9,1.7,5.1,4.2,-1.5,1.8,2011-12-02T08:45,2011-12-02T16:54,29397.82,15261.53,0.90,0.90,3.0,25.2,244
2011-12-03,53,10.4,6.8,9.0,6.7,2.2,4.8,2011-12-03T08:46,2011-12-03T16:54,29281.07,18140.74,1.60,1.60,6.0,30.4,246
2011-12-04,51,8.6,3.8,7.0,4.4,-0.8,2.9,2011-12-04T08:47,2011-12-04T16:53,29170.23,198.88,0.90,0.90,5.0,20.5,259
2011-12-05,2,6.3,1.9,3.6,0.9,-3.4,-1.5,2011-12-05T08:48,2011-12-05T16:53,29065.58,23400.90,0.00,0.00,0.0,24.1,263
2011-12-06,3,6.3,2.0,4.0,1.8,-2.9,-0.7,2011-12-06T08:50,2011-12-06T16:52,28967.40,16641.27,0.00,0.00,0.0,20.4,254
2011-12-07,51,7.8,4.2,6.2,1.8,-0.8,0.5,2011-12-07T08:51,2011-12-07T16:52,28875.76,23479.32,0.10,0.10,1.0,32.7,266
2011-12-08,53,12.0,2.8,7.9,5.9,-1.5,2.8,2011-12-08T08:52,2011-12-08T16:52,28789.60,1280.06,1.40,1.40,4.0,39.6,231
2011-12-09,1,6.9,1.8,4.6,1.7,-2.5,-0.6,2011-12-09T08:53,2011-12-09T16:52,28708.74,23253.98,0.00,0.00,0.0,26.6,260
2011-12-10,1,5.2,-1.1,1.4,1.3,-5.2,-2.6,2011-12-10T08:54,2011-12-10T16:51,28633.31,23067.75,0.00,0.00,0.0,13.3,250
2011-12-11,61,8.1,1.3,5.6,5.0,-2.6,1.7,2011-12-11T08:55,2011-12-11T16:51,28563.41,0.00,7.80,7.80,12.0,23.2,203
2011-12-12,61,8.0,1.9,5.5,4.3,-2.8,0.8,2011-12-12T08:56,2011-12-12T16:51,28499.12,22778.97,4.40,4.40,5.0,42.0,223
2011-12-13,63,11.5,4.6,7.4,6.7,-1.4,1.5,2011-12-13T08:57,2011-12-13T16:51,28440.57,22681.58,7.80,7.80,8.0,43.2,230
2011-12-14,3,6.1,3.9,4.8,0.9,-1.2,-0.2,2011-12-14T08:58,2011-12-14T16:51,28387.84,20738.13,0.00,0.00,0.0,25.8,229
2011-12-15,53,7.2,3.0,4.9,1.9,-2.0,-0.2,2011-12-15T08:59,2011-12-15T16:51,28341.02,20915.71,0.90,0.90,2.0,33.0,237
2011-12-16,73,4.8,1.1,2.7,0.6,-3.8,-2.2,2011-12-16T09:00,2011-12-16T16:51,28300.19,11617.15,8.60,7.50,13.0,23.6,327
2011-12-17,3,4.3,-1.0,1.5,-0.4,-5.5,-3.1,2011-12-17T09:01,2011-12-17T16:52,28265.46,22374.34,0.00,0.00,0.0,20.9,294
2011-12-18,51,4.2,-2.1,0.6,-0.6,-6.3,-4.0,2011-12-18T09:01,2011-12-18T16:52,28236.89,22215.37,0.10,0.10,1.0,19.8,301
2011-12-19,61,6.9,-3.4,1.8,3.3,-7.3,-2.0,2011-12-19T09:02,2011-12-19T16:52,28214.56,0.00,5.00,5.00,8.0,18.8,243
2011-12-20,51,6.6,4.4,5.5,2.4,-0.0,1.5,2011-12-20T09:03,2011-12-20T16:53,28198.56,13001.40,0.60,0.60,2.0,20.9,289
2011-12-21,55,11.1,4.8,8.6,8.8,1.6,5.9,2011-12-21T09:03,2011-12-21T16:53,28188.94,0.00,2.70,2.70,5.0,17.4,272
2011-12-22,3,10.1,7.6,8.5,7.6,4.3,5.5,2011-12-22T09:04,2011-12-22T16:54,28185.77,2670.57,0.00,0.00,0.0,19.4,267
2011-12-23,61,11.1,4.0,8.6,6.8,-1.6,4.4,2011-12-23T09:04,2011-12-23T16:54,28189.11,10528.83,5.90,5.90,5.0,32.6,243
2011-12-24,53,7.2,2.5,4.9,2.8,-2.2,0.2,2011-12-24T09:05,2011-12-24T16:55,28199.01,11059.41,0.70,0.70,1.0,27.0,264
2011-12-25,3,10.9,7.2,9.5,7.2,2.6,5.6,2011-12-25T09:05,2011-12-25T16:55,28215.52,0.00,0.00,0.00,0.0,26.5,238
2011-12-26,3,11.6,8.7,10.4,8.4,4.7,7.0,2011-12-26T09:05,2011-12-26T16:56,28238.69,984.37,0.00,0.00,0.0,21.8,233
2011-12-27,3,9.8,6.1,8.4,7.0,2.6,5.3,2011-12-27T09:05,2011-12-27T16:57,28268.60,12583.09,0.00,0.00,0.0,18.7,215
2011-12-28,3,10.1,5.2,7.9,6.1,-0.6,3.2,2011-12-28T09:06,2011-12-28T16:57,28305.54,11305.65,0.00,0.00,0.0,27.7,239
2011-12-29,53,8.9,4.3,6.4,3.5,-1.2,0.7,2011-12-29T09:06,2011-12-29T16:58,28349.46,19356.38,2.20,2.20,7.0,32.2,267
2011-12-30,55,9.1,4.0,5.6,5.6,-1.1,1.5,2011-12-30T09:06,2011-12-30T16:59,28400.16,8799.12,3.20,3.20,10.0,25.8,270
2011-12-31,51,11.2,9.8,10.7,8.4,6.3,7.7,2011-12-31T09:06,2011-12-31T17:00,28457.49,0.00,0.40,0.40,1.0,23.2,252
2012-01-01,63,11.8,8.0,10.8,8.9,4.2,7.9,2012-01-01T09:06,2012-01-01T17:01,28521.28,607.16,11.50,11.50,11.0,22.8,227
2012-01-02,1,7.2,3.8,5.2,3.5,-0.7,0.8,2012-01-02T09:06,2012-01-02T17:02,28591.35,22796.65,0.00,0.00,0.0,22.2,239
2012-01-03,63,11.8,4.9,8.2,5.3,-0.7,2.0,2012-01-03T09:05,2012-01-03T17:03,28667.53,6429.75,8.70,8.70,8.0,46.2,233
2012-01-04,53,8.4,4.6,6.4,2.5,-1.7,0.4,2012-01-04T09:05,2012-01-04T17:04,28749.63,3760.06,2.20,2.20,4.0,40.3,258
2012-01-05,51,10.4,6.1,8.4,4.1,0.3,1.8,2012-01-05T09:05,2012-01-05T17:06,28837.48,22461.26,0.90,0.90,5.0,43.3,283
2012-01-06,3,8.1,2.8,5.6,4.1,-1.0,1.3,2012-01-06T09:05,2012-01-06T17:07,28930.89,21904.39,0.00,0.00,0.0,25.6,286
2012-01-07,51,10.0,6.2,8.3,6.0,1.9,4.2,2012-01-07T09:04,2012-01-07T17:08,29029.68,23190.28,0.30,0.30,2.0,24.0,278
2012-01-08,3,8.6,4.1,6.2,6.0,0.1,2.8,2012-01-08T09:04,2012-01-08T17:09,29133.67,16186.13,0.00,0.00,0.0,18.0,283
2012-01-09,3,10.9,7.2,9.0,7.9,4.0,6.1,2012-01-09T09:03,2012-01-09T17:11,29242.66,4786.63,0.00,0.00,0.0,22.0,265
2012-01-10,3,10.2,7.5,9.1,7.1,4.5,6.4,2012-01-10T09:03,2012-01-10T17:12,29356.49,11122.88,0.00,0.00,0.0,19.1,248
2012-01-11,3,10.3,7.1,8.5,7.7,4.0,5.6,2012-01-11T09:02,2012-01-11T17:14,29474.96,0.00,0.00,0.00,0.0,17.1,249
2012-01-12,3,11.4,4.2,8.2,7.7,1.0,4.3,2012-01-12T09:02,2012-01-12T17:15,29597.90,3326.18,0.00,0.00,0.0,24.7,270
2012-01-13,1,5.2,-1.0,2.1,2.1,-4.4,-1.3,2012-01-13T09:01,2012-01-13T17:16,29725.11,24487.59,0.00,0.00,0.0,11.4,343
2012-01-14,3,1.6,-2.4,-0.6,-1.2,-5.6,-3.7,2012-01-14T09:00,2012-01-14T17:18,29856.45,6526.11,0.00,0.00,0.0,9.7,73
2012-01-15,3,4.8,-1.5,1.0,0.5,-5.2,-3.1,2012-01-15T08:59,2012-01-15T17:19,29991.70,24841.23,0.00,0.00,0.0,16.2,103
2012-01-16,0,4.7,-2.0,0.4,1.0,-6.2,-3.5,2012-01-16T08:59,2012-01-16T17:21,30130.95,25080.69,0.00,0.00,0.0,13.5,101
2012-01-17,3,5.1,-3.0,0.5,2.3,-7.0,-3.0,2012-01-17T08:58,2012-01-17T17:22,30275.73,17133.45,0.00,0.00,0.0,10.7,174
2012-01-18,51,10.6,2.7,7.5,8.2,-1.2,4.3,2012-01-18T08:57,2012-01-18T17:24,30426.07,0.00,0.50,0.50,3.0,22.3,219
2012-01-19,53,11.1,6.1,9.2,7.3,0.7,5.4,2012-01-19T08:56,2012-01-19T17:26,30581.65,15377.08,3.10,3.10,8.0,29.0,261
2012-01-20,3,8.7,3.8,6.4,4.2,-1.7,1.5,2012-01-20T08:55,2012-01-20T17:27,30742.16,0.00,0.00,0.00,0.0,27.8,277
2012-01-21,3,10.8,7.1,9.2,5.9,1.6,4.4,2012-01-21T08:54,2012-01-21T17:29,30907.29,1149.24,0.00,0.00,0.0,29.7,272
2012-01-22,3,10.2,4.6,7.1,4.9,-1.0,2.0,2012-01-22T08:52,2012-01-22T17:31,31076.76,16163.02,0.00,0.00,0.0,29.0,278
2012-01-23,53,7.9,2.8,4.9,3.9,-1.1,1.0,2012-01-23T08:51,2012-01-23T17:32,31250.27,25552.58,0.80,0.80,3.0,17.8,282
2012-01-24,61,9.1,-1.0,4.4,7.1,-4.5,1.4,2012-01-24T08:50,2012-01-24T17:34,31427.52,0.00,7.00,7.00,7.0,17.0,246
2012-01-25,3,10.4,7.8,8.7,7.4,3.8,5.9,2012-01-25T08:49,2012-01-25T17:36,31608.25,8707.86,0.00,0.00,0.0,22.0,213
2012-01-26,55,8.7,3.5,7.1,4.3,-1.0,2.7,2012-01-26T08:47,2012-01-26T17:37,31792.17,22888.15,4.00,4.00,7.0,26.4,211
2012-01-27,51,7.5,1.6,3.8,3.9,-3.0,-0.2,2012-01-27T08:46,2012-01-27T17:39,31979.03,27282.17,0.70,0.70,3.0,18.4,239
2012-01-28,51,5.9,0.0,3.1,1.9,-3.5,-0.7,2012-01-28T08:45,2012-01-28T17:41,32168.55,6465.65,0.10,0.10,1.0,16.5,358
2012-01-29,3,5.2,1.4,2.7,1.9,-2.0,-0.6,2012-01-29T08:43,2012-01-29T17:43,32360.48,6934.37,0.00,0.00,0.0,10.5,44
2012-01-30,3,3.8,-2.0,1.2,0.0,-5.4,-2.2,2012-01-30T08:42,2012-01-30T17:45,32554.59,22113.22,0.00,0.00,0.0,10.9,39
2012-01-31,51,2.6,-3.5,-0.4,-1.3,-7.4,-4.6,2012-01-31T08:40,2012-01-31T17:46,32750.62,19036.94,0.30,0.30,2.0,17.6,46
2012-02-01,2,1.4,-1.4,-0.2,-4.6,-7.6,-6.1,2012-02-01T08:39,2012-02-01T17:48,32948.34,27140.32,0.00,0.00,0.0,24.6,49
2012-02-02,2,0.6,-2.8,-1.2,-5.7,-8.0,-7.1,2012-02-02T08:37,2012-02-02T17:50,33147.52,28244.65,0.00,0.00,0.0,22.7,45
2012-02-03,3,1.6,-4.9,-1.9,-3.0,-9.3,-6.3,2012-02-03T08:36,2012-02-03T17:52,33347.95,27083.89,0.00,0.00,0.0,12.8,357
2012-02-04,73,0.2,-3.4,-1.6,-4.2,-7.3,-6.1,2012-02-04T08:34,2012-02-04T17:54,33549.39,20275.57,2.30,0.00,4.0,22.7,166
2012-02-05,75,2.3,-0.3,0.4,-0.4,-6.1,-2.8,2012-02-05T08:33,2012-02-05T17:55,33751.95,10535.56,7.00,0.10,7.0,23.4,177
2012-02-06,53,3.5,0.6,1.5,1.0,-2.1,-1.0,2012-02-06T08:31,2012-02-06T17:57,33957.61,11.57,1.10,1.10,3.0,5.5,94
2012-02-07,3,1.1,-4.8,-0.8,-1.1,-10.2,-4.7,2012-02-07T08:29,2012-02-07T17:59,34166.53,15760.88,0.00,0.00,0.0,17.1,66
2012-02-08,3,0.9,-3.5,-0.8,-4.1,-8.7,-5.6,2012-02-08T08:28,2012-02-08T18:01,34378.43,3470.04,0.00,0.00,0.0,19.3,34
2012-02-09,73,0.4,-3.8,-1.3,-2.2,-7.7,-4.6,2012-02-09T08:26,2012-02-09T18:03,34593.06,3082.59,1.30,0.00,4.0,9.4,18
2012-02-10,73,-0.5,-2.8,-1.5,-4.5,-6.6,-5.5,2012-02-10T08:24,2012-02-10T18:04,34810.17,22843.10,0.60,0.00,2.0,13.7,111
2012-02-11,2,0.0,-5.3,-2.7,-3.6,-8.9,-6.4,2012-02-11T08:22,2012-02-11T18:06,35029.50,29700.91,0.00,0.00,0.0,10.0,31
2012-02-12,71,3.2,-4.8,-0.4,-0.5,-8.7,-4.1,2012-02-12T08:21,2012-02-12T18:08,35250.82,866.61,0.20,0.00,2.0,14.5,324
2012-02-13,51,6.2,-2.3,2.4,1.9,-5.9,-1.6,2012-02-13T08:19,2012-02-13T18:10,35473.90,3036.99,0.50,0.50,3.0,22.5,319
2012-02-14,3,8.2,3.0,5.2,3.6,-1.9,0.6,2012-02-14T08:17,2012-02-14T18:12,35698.50,22391.67,0.00,0.00,0.0,22.8,332
2012-02-15,3,10.1,5.2,7.0,5.6,0.3,2.4,2012-02-15T08:15,2012-02-15T18:14,35924.41,22052.43,0.00,0.00,0.0,29.3,320
2012-02-16,3,9.4,3.5,6.3,5.4,0.2,2.7,2012-02-16T08:13,2012-02-16T18:16,36151.40,24204.55,0.00,0.00,0.0,16.4,294
2012-02-17,3,10.5,6.2,8.1,8.1,3.0,5.3,2012-02-17T08:11,2012-02-17T18:17,36379.27,0.00,0.00,0.00,0.0,18.3,256
2012-02-18,53,10.0,2.7,7.4,4.7,-2.8,2.5,2012-02-18T08:09,2012-02-18T18:19,36607.82,10320.48,2.70,2.70,5.0,37.2,249
2012-02-19,3,5.9,-1.5,2.5,0.2,-5.4,-2.5,2012-02-19T08:07,2012-02-19T18:21,36836.84,32440.81,0.00,0.00,0.0,21.4,308
2012-02-20,3,6.8,-3.5,1.8,1.9,-7.4,-2.5,2012-02-20T08:05,2012-02-20T18:23,37066.13,23466.03,0.00,0.00,0.0,18.1,226
2012-02-21,3,10.6,2.8,6.6,6.3,-1.1,2.5,2012-02-21T08:03,2012-02-21T18:25,37295.51,25730.89,0.00,0.00,0.0,23.1,237
2012-02-22,51,9.6,5.6,7.4,5.8,1.1,2.7,2012-02-22T08:01,2012-02-22T18:26,37524.79,0.00,0.90,0.90,3.0,30.4,221
2012-02-23,3,13.5,9.6,11.3,11.0,6.4,8.7,2012-02-23T07:59,2012-02-23T18:28,37753.78,12182.89,0.00,0.00,0.0,21.1,262
2012-02-24,3,11.9,8.9,10.1,8.9,5.8,7.3,2012-02-24T07:57,2012-02-24T18:30,37982.30,1591.00,0.00,0.00,0.0,21.6,266
2012-02-25,3,9.8,3.0,6.9,7.5,0.1,4.1,2012-02-25T07:55,2012-02-25T18:32,38210.46,27879.86,0.00,0.00,0.0,13.0,316
2012-02-26,3,10.6,1.3,5.5,8.5,-2.2,2.8,2012-02-26T07:53,2012-02-26T18:34,38440.16,23573.71,0.00,0.00,0.0,13.6,283
2012-02-27,53,10.4,5.0,7.6,7.4,1.7,4.6,2012-02-27T07:51,2012-02-27T18:35,38671.61,0.00,1.50,1.50,4.0,16.6,248
2012-02-28,3,12.1,8.3,9.9,11.1,5.9,8.3,2012-02-28T07:49,2012-02-28T18:37,38904.64,0.00,0.00,0.00,0.0,13.0,259
2012-02-29,3,11.5,8.4,9.7,9.8,6.6,8.1,2012-02-29T07:46,2012-02-29T18:39,39139.05,0.00,0.00,0.00,0.0,9.9,219
2012-03-01,3,13.1,5.5,8.9,11.8,3.3,7.3,2012-03-01T07:44,2012-03-01T18:41,39374.68,30431.74,0.00,0.00,0.0,7.2,306
2012-03-02,3,10.5,3.6,6.5,8.3,1.3,4.1,2012-03-02T07:42,2012-03-02T18:42,39611.35,23253.34,0.00,0.00,0.0,11.3,74
2012-03-03,3,12.5,5.9,8.6,8.0,2.8,5.4,2012-03-03T07:40,2012-03-03T18:44,39848.89,18116.46,0.00,0.00,0.0,24.1,204
2012-03-04,61,8.7,3.1,5.5,5.0,-3.5,1.4,2012-03-04T07:38,2012-03-04T18:46,40087.13,0.00,13.00,13.00,16.0,30.3,261
2012-03-05,3,7.8,3.0,5.1,0.7,-3.7,-1.6,2012-03-05T07:35,2012-03-05T18:48,40325.91,30357.47,0.00,0.00,0.0,35.3,320
2012-03-06,3,7.6,3.0,4.9,5.5,-2.2,0.9,2012-03-06T07:33,2012-03-06T18:49,40565.08,29947.99,0.00,0.00,0.0,23.2,329
2012-03-07,55,10.0,4.1,6.7,5.9,-0.8,1.8,2012-03-07T07:31,2012-03-07T18:51,40804.47,15104.74,3.40,3.40,7.0,30.8,240
2012-03-08,3,9.7,2.0,6.0,6.3,-2.4,2.1,2012-03-08T07:29,2012-03-08T18:53,41043.93,22613.39,0.00,0.00,0.0,19.9,282
2012-03-09,51,11.6,4.6,8.0,8.0,1.3,4.6,2012-03-09T07:26,2012-03-09T18:55,41283.29,10282.44,0.40,0.40,2.0,20.7,242
2012-03-10,3,13.7,7.9,10.6,11.2,5.5,8.2,2012-03-10T07:24,2012-03-10T18:56,41522.40,627.11,0.00,0.00,0.0,15.5,287
2012-03-11,3,13.1,4.3,8.9,11.8,1.9,7.0,2012-03-11T07:22,2012-03-11T18:58,41761.12,27361.82,0.00,0.00,0.0,11.0,325
2012-03-12,3,14.1,2.4,7.9,13.1,-0.5,6.0,2012-03-12T07:20,2012-03-12T19:00,41999.29,37704.59,0.00,0.00,0.0,8.5,357
2012-03-13,3,10.2,5.8,7.4,8.7,4.0,5.7,2012-03-13T07:17,2012-03-13T19:02,42236.75,12302.81,0.00,0.00,0.0,7.2,58
2012-03-14,3,10.2,3.8,6.3,8.5,1.3,4.0,2012-03-14T07:15,2012-03-14T19:03,42473.36,23263.82,0.00,0.00,0.0,7.6,115
2012-03-15,3,15.1,0.9,7.3,13.1,-2.2,5.0,2012-03-15T07:13,2012-03-15T19:05,42708.96,32016.09,0.00,0.00,0.0,11.4,184
2012-03-16,3,10.5,7.0,8.4,6.8,4.0,5.2,2012-03-16T07:11,2012-03-16T19:07,42943.66,11961.98,0.00,0.00,0.0,19.3,229
2012-03-17,55,10.6,6.1,8.3,8.7,3.2,5.4,2012-03-17T07:08,2012-03-17T19:08,43179.17,2563.40,6.20,6.20,18.0,20.1,207
2012-03-18,53,9.6,2.0,5.7,6.1,-1.2,2.5,2012-03-18T07:06,2012-03-18T19:10,43415.72,38938.37,1.20,1.20,3.0,14.8,308
2012-03-19,3,11.2,-0.8,5.4,7.9,-4.4,2.1,2012-03-19T07:04,2012-03-19T19:12,43653.18,29869.59,0.00,0.00,0.0,13.7,280
2012-03-20,3,12.8,1.8,7.3,10.2,-1.8,4.3,2012-03-20T07:02,2012-03-20T19:13,43891.39,32910.53,0.00,0.00,0.0,15.8,263
2012-03-21,1,14.2,3.0,8.0,12.0,0.2,5.4,2012-03-21T06:59,2012-03-21T19:15,44130.23,39310.77,0.00,0.00,0.0,14.6,55
2012-03-22,3,15.1,5.2,9.4,12.0,1.3,6.1,2012-03-22T06:57,2012-03-22T19:17,44369.55,40519.11,0.00,0.00,0.0,17.7,78
2012-03-23,1,18.2,4.1,11.0,17.5,1.4,9.5,2012-03-23T06:55,2012-03-23T19:18,44609.21,40758.95,0.00,0.00,0.0,11.8,87
2012-03-24,1,17.2,3.2,9.9,15.8,0.5,7.9,2012-03-24T06:52,2012-03-24T19:20,44849.08,40998.54,0.00,0.00,0.0,10.4,77
2012-03-25,3,12.5,3.4,7.2,9.8,0.3,4.4,2012-03-25T06:50,2012-03-25T19:22,45089.02,38334.26,0.00,0.00,0.0,12.9,59
2012-03-26,0,15.9,2.3,8.6,13.1,-0.9,5.4,2012-03-26T06:48,2012-03-26T19:24,45328.88,41476.40,0.00,0.00,0.0,14.1,69
2012-03-27,0,15.8,1.6,8.5,12.9,-1.7,5.3,2012-03-27T06:46,2012-03-27T19:25,45568.53,41714.40,0.00,0.00,0.0,12.4,69
2012-03-28,0,18.2,2.0,10.3,16.3,-1.0,7.8,2012-03-28T06:43,2012-03-28T19:27,45807.82,41951.59,0.00,0.00,0.0,10.4,12
2012-03-29,1,17.4,3.3,10.4,15.4,0.1,8.0,2012-03-29T06:41,2012-03-29T19:29,46046.62,42187.82,0.00,0.00,0.0,11.6,332
2012-03-30,3,15.9,5.1,10.1,13.9,2.3,8.1,2012-03-30T06:39,2012-03-30T19:30,46284.76,42422.97,0.00,0.00,0.0,10.5,323
2012-03-31,3,10.2,5.0,7.4,6.5,1.4,3.8,2012-03-31T06:36,2012-03-31T19:32,46522.12,1640.69,0.00,0.00,0.0,19.3,11
2012-04-01,3,10.1,0.8,5.9,7.3,-2.4,3.0,2012-04-01T06:34,2012-04-01T19:34,46758.53,42757.75,0.00,0.00,0.0,10.9,351
2012-04-02,3,13.4,1.3,7.4,10.7,-1.6,4.7,2012-04-02T06:32,2012-04-02T19:35,46993.85,42812.12,0.00,0.00,0.0,9.7,304
2012-04-03,61,13.2,1.9,7.6,10.6,-1.0,5.2,2012-04-03T06:30,2012-04-03T19:37,47227.92,35280.31,4.80,4.80,11.0,15.8,276
2012-04-04,53,10.6,4.1,7.4,7.2,1.5,4.5,2012-04-04T06:27,2012-04-04T19:39,47460.58,43153.28,2.40,2.40,9.0,20.0,105
2012-04-05,3,9.8,3.5,7.0,5.1,-0.5,2.6,2012-04-05T06:25,2012-04-05T19:40,47691.92,31290.77,0.00,0.00,0.0,25.1,46
2012-04-06,3,11.8,-2.1,5.5,8.0,-5.8,2.1,2012-04-06T06:23,2012-04-06T19:42,47923.57,31104.64,0.00,0.00,0.0,16.4,333
2012-04-07,3,8.9,6.1,7.8,6.2,3.9,4.8,2012-04-07T06:21,2012-04-07T19:44,48155.76,307.49,0.00,0.00,0.0,14.4,358
2012-04-08,51,11.9,5.4,8.6,9.4,2.9,5.9,2012-04-08T06:19,2012-04-08T19:45,48388.34,0.00,1.70,1.70,11.0,15.8,251
2012-04-09,53,9.7,7.1,8.6,5.4,3.6,4.5,2012-04-09T06:16,2012-04-09T19:47,48621.18,0.00,9.20,9.20,22.0,31.5,219
2012-04-10,51,11.7,4.5,8.3,7.6,0.2,4.1,2012-04-10T06:14,2012-04-10T19:49,48854.13,43473.81,1.10,1.10,5.0,27.5,238
2012-04-11,53,12.1,2.5,7.1,10.4,-0.8,4.5,2012-04-11T06:12,2012-04-11T19:50,49087.05,43200.00,3.00,3.00,10.0,11.6,260
2012-04-12,53,11.6,1.4,7.0,9.9,-1.6,4.7,2012-04-12T06:10,2012-04-12T19:52,49319.80,43777.78,4.40,4.40,10.0,10.0,295
2012-04-13,51,11.5,1.2,6.2,9.3,-1.6,3.8,2012-04-13T06:08,2012-04-13T19:54,49552.23,39873.04,0.30,0.30,2.0,8.0,352
2012-04-14,3,10.9,3.0,6.7,6.3,0.0,2.9,2012-04-14T06:05,2012-04-14T19:55,49784.18,42868.65,0.00,0.00,0.0,18.6,33
2012-04-15,3,9.1,2.3,5.5,3.1,-2.4,0.5,2012-04-15T06:03,2012-04-15T19:57,50015.51,45648.14,0.00,0.00,0.0,25.5,4
2012-04-16,3,9.4,-1.0,5.0,6.1,-4.7,1.3,2012-04-16T06:01,2012-04-16T19:59,50246.04,37444.92,0.00,0.00,0.0,15.1,302
2012-04-17,55,12.6,4.1,7.7,7.8,-0.8,2.5,2012-04-17T05:59,2012-04-17T20:00,50475.62,28856.03,4.00,4.00,10.0,32.1,210
2012-04-18,55,11.1,5.4,7.7,7.3,0.4,3.4,2012-04-18T05:57,2012-04-18T20:02,50704.08,20665.83,6.10,6.10,15.0,34.1,178
2012-04-19,51,11.1,5.7,7.7,7.8,2.2,4.4,2012-04-19T05:55,2012-04-19T20:04,50931.25,16974.23,2.90,2.90,13.0,17.7,267
2012-04-20,55,11.9,3.3,7.5,9.3,0.1,4.3,2012-04-20T05:53,2012-04-20T20:05,51156.95,46233.00,3.60,3.60,8.0,18.7,249
2012-04-21,51,12.1,2.5,7.6,8.8,-0.7,4.3,2012-04-21T05:50,2012-04-21T20:07,51380.99,46295.25,0.50,0.50,4.0,20.4,264
2012-04-22,61,13.0,3.0,7.9,9.6,-0.6,4.2,2012-04-22T05:48,2012-04-22T20:09,51603.20,43039.63,2.20,2.20,3.0,25.9,246
2012-04-23,61,9.3,4.4,6.7,5.1,1.5,3.1,2012-04-23T05:46,2012-04-23T20:10,51823.38,13689.05,8.10,8.10,13.0,23.4,127
2012-04-24,51,12.4,5.7,8.6,9.3,2.4,5.0,2012-04-24T05:44,2012-04-24T20:12,52041.32,41262.98,2.70,2.70,12.0,23.0,336
2012-04-25,63,12.4,4.8,8.4,8.2,1.8,3.9,2012-04-25T05:42,2012-04-25T20:14,52257.09,18687.52,15.80,15.80,18.0,32.1,158
2012-04-26,51,13.4,8.3,10.6,8.4,3.6,5.7,2012-04-26T05:41,2012-04-26T20:15,52472.26,47607.62,2.80,2.80,15.0,35.8,204
2012-04-27,51,14.4,7.9,11.0,11.8,4.1,7.8,2012-04-27T05:39,2012-04-27T20:17,52687.05,46004.62,1.60,1.60,9.0,24.7,209
2012-04-28,55,9.2,5.3,7.7,6.9,-0.8,3.9,2012-04-28T05:37,2012-04-28T20:19,52901.29,0.00,8.20,8.20,16.0,33.6,31
2012-04-29,61,13.9,5.2,8.7,11.3,-1.0,3.8,2012-04-29T05:35,2012-04-29T20:20,53114.81,17426.80,19.10,19.10,18.0,34.9,65
2012-04-30,51,16.9,7.5,12.1,14.3,3.4,8.6,2012-04-30T05:33,2012-04-30T20:22,53327.45,47002.45,1.20,1.20,5.0,24.4,116
2012-05-01,63,16.5,9.8,12.9,16.0,7.4,11.1,2012-05-01T05:31,2012-05-01T20:23,53539.03,24645.59,21.90,21.90,15.0,26.5,81
2012-05-02,55,14.2,7.9,10.7,11.6,5.1,8.4,2012-05-02T05:29,2012-05-02T20:25,53749.37,6224.14,4.10,4.10,6.0,17.8,356
2012-05-03,61,10.4,7.2,8.6,8.2,4.8,6.1,2012-05-03T05:27,2012-05-03T20:27,53958.29,3.60,11.00,11.00,16.0,15.2,15
2012-05-04,3,9.4,6.6,7.9,6.4,4.1,5.3,2012-05-04T05:25,2012-05-04T20:28,54165.59,0.00,0.00,0.00,0.0,16.1,18
2012-05-05,51,9.6,5.4,7.1,6.1,0.9,2.9,2012-05-05T05:24,2012-05-05T20:30,54371.09,22790.06,0.40,0.40,3.0,20.3,35
2012-05-06,51,9.2,5.1,6.8,6.3,1.3,3.4,2012-05-06T05:22,2012-05-06T20:32,54574.58,6657.64,0.10,0.10,1.0,18.1,40
2012-05-07,61,12.8,3.5,8.6,10.1,0.9,5.7,2012-05-07T05:20,2012-05-07T20:33,54775.86,32908.05,5.00,5.00,8.0,21.0,162
2012-05-08,55,15.6,9.5,12.4,13.3,6.8,10.4,2012-05-08T05:18,2012-05-08T20:35,54974.70,26497.34,3.50,3.50,10.0,16.4,203
2012-05-09,53,15.6,8.9,12.4,12.9,7.5,10.7,2012-05-09T05:17,2012-05-09T20:36,55170.90,4349.55,5.70,5.70,16.0,23.5,198
2012-05-10,61,16.5,13.4,14.5,14.5,10.2,11.9,2012-05-10T05:15,2012-05-10T20:38,55364.22,0.00,12.20,12.20,13.0,31.3,209
2012-05-11,3,14.8,8.3,12.1,10.6,4.2,8.3,2012-05-11T05:13,2012-05-11T20:40,55554.44,42738.42,0.00,0.00,0.0,23.4,273
2012-05-12,3,13.2,4.6,9.4,9.5,0.6,5.9,2012-05-12T05:12,2012-05-12T20:41,55741.31,43897.18,0.00,0.00,0.0,19.6,340
2012-05-13,3,14.6,4.1,10.3,11.7,1.7,7.3,2012-05-13T05:10,2012-05-13T20:43,55924.60,49505.86,0.00,0.00,0.0,20.1,227
2012-05-14,53,11.0,6.1,8.5,7.9,2.0,5.0,2012-05-14T05:09,2012-05-14T20:44,56104.05,19640.44,3.40,3.40,11.0,21.1,234
2012-05-15,55,11.9,4.8,7.5,8.4,1.2,3.8,2012-05-15T05:07,2012-05-15T20:46,56279.63,44642.11,5.00,5.00,12.0,24.2,305
2012-05-16,3,12.2,3.0,8.3,9.2,-0.8,4.9,2012-05-16T05:06,2012-05-16T20:47,56452.76,45288.64,0.00,0.00,0.0,14.9,291
2012-05-17,51,14.4,5.0,10.1,11.5,2.6,7.3,2012-05-17T05:05,2012-05-17T20:48,56623.59,39319.33,0.20,0.20,2.0,15.4,134
2012-05-18,51,15.1,8.0,11.9,13.4,4.5,9.5,2012-05-18T05:03,2012-05-18T20:50,56791.92,21457.15,0.30,0.30,3.0,17.9,98
2012-05-19,3,16.8,9.6,13.1,15.6,7.4,11.0,2012-05-19T05:02,2012-05-19T20:51,56957.59,36445.81,0.00,0.00,0.0,17.1,257
2012-05-20,51,15.0,7.2,10.8,11.8,3.5,7.5,2012-05-20T05:01,2012-05-20T20:53,57120.40,20258.17,1.00,1.00,4.0,19.8,22
2012-05-21,3,17.2,8.4,12.3,14.6,5.3,9.4,2012-05-21T04:59,2012-05-21T20:54,57280.18,15038.19,0.00,0.00,0.0,21.6,354
2012-05-22,3,23.0,9.6,16.2,22.6,6.6,14.8,2012-05-22T04:58,2012-05-22T20:56,57436.73,51046.23,0.00,0.00,0.0,22.2,344
2012-05-23,2,23.6,11.2,18.0,25.4,9.7,18.4,2012-05-23T04:57,2012-05-23T20:57,57589.84,49544.80,0.00,0.00,0.0,13.8,358
2012-05-24,3,23.9,13.1,18.7,26.0,12.8,19.7,2012-05-24T04:56,2012-05-24T20:58,57739.34,51541.56,0.00,0.00,0.0,11.8,35
2012-05-25,1,21.2,13.9,17.8,20.4,12.6,16.1,2012-05-25T04:55,2012-05-25T21:00,57885.00,52277.08,0.00,0.00,0.0,23.7,64
2012-05-26,0,22.1,13.1,17.7,20.2,10.7,15.5,2012-05-26T04:54,2012-05-26T21:01,58026.62,52822.49,0.00,0.00,0.0,23.4,71
2012-05-27,0,23.9,12.5,18.2,23.8,11.0,17.3,2012-05-27T04:53,2012-05-27T21:02,58164.00,53006.11,0.00,0.00,0.0,15.9,80
2012-05-28,2,23.6,10.8,18.0,25.9,9.7,18.1,2012-05-28T04:52,2012-05-28T21:03,58296.93,52808.31,0.00,0.00,0.0,10.1,268
2012-05-29,51,20.5,12.9,17.0,20.7,12.0,16.6,2012-05-29T04:51,2012-05-29T21:05,58425.16,43952.86,0.50,0.50,5.0,13.0,2
2012-05-30,61,22.6,12.2,17.3,22.7,11.5,17.0,2012-05-30T04:50,2012-05-30T21:06,58548.50,50258.85,2.30,2.30,2.0,13.0,215
2012-05-31,51,17.0,13.1,15.4,15.1,11.8,13.7,2012-05-31T04:49,2012-05-31T21:07,58666.73,8119.75,0.20,0.20,1.0,20.3,275
2012-06-01,3,19.5,13.9,16.5,19.2,12.6,15.9,2012-06-01T04:48,2012-06-01T21:08,58779.62,10345.40,0.00,0.00,0.0,13.7,328
2012-06-02,61,16.5,11.2,13.4,13.8,8.3,10.9,2012-06-02T04:47,2012-06-02T21:09,58886.96,19439.82,3.40,3.40,5.0,19.1,95
2012-06-03,61,12.4,10.6,11.6,10.1,8.2,9.2,2012-06-03T04:47,2012-06-03T21:10,58988.51,527.68,12.40,12.40,21.0,19.8,89
2012-06-04,55,12.7,7.8,10.7,10.4,3.4,7.6,2012-06-04T04:46,2012-06-04T21:11,59084.18,30932.78,5.40,5.40,9.0,25.9,20
2012-06-05,55,13.9,7.4,11.1,10.2,5.5,8.4,2012-06-05T04:46,2012-06-05T21:12,59174.79,9446.03,4.10,4.10,8.0,22.1,165
2012-06-06,61,17.9,12.4,14.6,17.0,10.5,12.8,2012-06-06T04:45,2012-06-06T21:13,59260.38,44496.63,3.70,3.70,4.0,23.5,213
2012-06-07,61,18.1,11.5,14.1,16.2,8.7,11.6,2012-06-07T04:45,2012-06-07T21:14,59340.89,18109.95,7.30,7.30,11.0,30.0,179
2012-06-08,53,15.9,11.3,13.5,10.5,6.3,8.2,2012-06-08T04:44,2012-06-08T21:14,59416.22,36844.45,3.20,3.20,11.0,39.2,221
2012-06-09,3,15.0,10.4,12.7,12.0,5.6,8.3,2012-06-09T04:44,2012-06-09T21:15,59486.27,30593.37,0.00,0.00,0.0,31.4,252
2012-06-10,61,16.0,7.2,12.5,14.6,5.7,11.1,2012-06-10T04:43,2012-06-10T21:16,59550.97,23843.27,5.60,5.60,11.0,15.0,115
2012-06-11,63,12.1,10.8,11.5,9.9,7.9,8.9,2012-06-11T04:43,2012-06-11T21:17,59610.23,0.00,33.60,33.60,24.0,23.2,25
2012-06-12,53,13.9,10.1,11.6,11.3,6.8,8.9,2012-06-12T04:43,2012-06-12T21:17,59663.97,1259.27,5.20,5.20,15.0,24.4,10
2012-06-13,3,15.7,7.8,12.2,14.2,5.8,10.6,2012-06-13T04:43,2012-06-13T21:18,59712.12,53316.68,0.00,0.00,0.0,8.8,104
2012-06-14,61,17.4,7.3,12.9,13.9,4.9,10.1,2012-06-14T04:43,2012-06-14T21:18,59754.59,41205.60,3.60,3.60,5.0,25.0,116
2012-06-15,61,17.9,12.4,14.9,15.6,9.2,12.2,2012-06-15T04:42,2012-06-15T21:19,59791.32,50299.39,8.00,8.00,10.0,30.9,194
2012-06-16,51,16.4,12.0,14.2,11.5,8.8,9.9,2012-06-16T04:42,2012-06-16T21:20,59822.25,44573.38,1.20,1.20,6.0,39.2,214
2012-06-17,51,17.6,11.1,14.6,14.8,8.1,11.9,2012-06-17T04:42,2012-06-17T21:20,59847.29,45442.90,0.10,0.10,1.0,26.4,230
2012-06-18,53,17.8,11.6,14.4,16.0,10.1,13.1,2012-06-18T04:43,2012-06-18T21:20,59866.42,47116.29,3.00,3.00,10.0,14.2,258
2012-06-19,3,18.6,8.8,14.4,17.3,6.8,13.0,2012-06-19T04:43,2012-06-19T21:21,59879.55,48193.88,0.00,0.00,0.0,11.4,227
2012-06-20,3,19.9,10.1,15.7,19.6,9.5,14.5,2012-06-20T04:43,2012-06-20T21:21,59886.64,54314.32,0.00,0.00,0.0,16.6,89
2012-06-21,61,19.8,12.4,15.4,19.5,8.5,13.6,2012-06-21T04:43,2012-06-21T21:21,59887.66,26454.66,11.60,11.60,15.0,25.6,170
2012-06-22,53,17.5,11.6,14.2,13.9,8.0,10.3,2012-06-22T04:43,2012-06-22T21:21,59882.56,45572.55,2.30,2.30,10.0,35.5,227
2012-06-23,51,17.5,10.9,14.0,14.1,7.3,10.6,2012-06-23T04:44,2012-06-23T21:21,59871.30,31405.64,0.70,0.70,5.0,27.4,235
2012-06-24,61,18.6,11.8,14.9,17.0,8.9,12.5,2012-06-24T04:44,2012-06-24T21:21,59853.81,37492.29,14.20,14.20,14.0,26.8,242
2012-06-25,51,19.4,10.5,15.6,18.7,8.7,14.4,2012-06-25T04:44,2012-06-25T21:21,59829.89,38875.91,0.10,0.10,1.0,13.3,275
2012-06-26,3,21.4,10.8,16.6,21.4,10.1,16.2,2012-06-26T04:45,2012-06-26T21:21,59799.59,34915.88,0.00,0.00,0.0,18.0,212
2012-06-27,51,21.5,16.4,18.5,22.8,16.3,19.0,2012-06-27T04:45,2012-06-27T21:21,59763.02,987.67,0.40,0.40,2.0,16.7,233
2012-06-28,55,25.4,14.9,19.9,26.3,12.4,20.0,2012-06-28T04:46,2012-06-28T21:21,59720.30,49284.37,3.30,3.30,7.0,22.7,180
2012-06-29,51,19.5,12.7,16.2,16.5,10.0,13.3,2012-06-29T04:46,2012-06-29T21:21,59671.57,47702.70,0.20,0.20,2.0,34.4,211
2012-06-30,3,19.2,13.4,16.4,17.7,10.9,13.8,2012-06-30T04:47,2012-06-30T21:21,59616.93,50969.14,0.00,0.00,0.0,28.1,215
2012-07-01,51,17.6,10.8,14.3,15.0,8.2,11.4,2012-07-01T04:48,2012-07-01T21:20,59556.54,53935.29,0.50,0.50,3.0,25.4,235
2012-07-02,53,17.0,12.6,14.9,14.3,10.4,12.6,2012-07-02T04:49,2012-07-02T21:20,59490.48,14709.08,2.70,2.70,9.0,26.6,193
2012-07-03,53,19.7,14.9,16.6,18.3,14.2,15.7,2012-07-03T04:49,2012-07-03T21:20,59418.95,18751.51,5.60,5.60,16.0,22.1,193
2012-07-04,53,20.2,15.8,17.7,20.3,15.0,17.4,2012-07-04T04:50,2012-07-04T21:19,59342.05,33107.79,2.60,2.60,12.0,18.4,177
2012-07-05,51,21.8,14.2,17.9,21.7,14.9,17.9,2012-07-05T04:51,2012-07-05T21:19,59259.93,38692.39,0.10,0.10,1.0,13.0,184
2012-07-06,53,19.7,13.1,15.9,19.1,12.8,15.3,2012-07-06T04:52,2012-07-06T21:18,59172.73,31872.39,3.20,3.20,10.0,16.9,186
2012-07-07,61,17.6,11.6,14.8,16.9,10.8,13.9,2012-07-07T04:53,2012-07-07T21:17,59080.57,30882.14,8.80,8.80,15.0,17.1,150
2012-07-08,63,19.5,14.1,16.1,20.2,14.1,16.1,2012-07-08T04:54,2012-07-08T21:17,58983.62,26827.36,26.20,26.20,19.0,15.0,324
2012-07-09,51,18.5,12.9,15.9,17.2,12.0,14.8,2012-07-09T04:55,2012-07-09T21:16,58882.03,20789.23,0.90,0.90,6.0,17.3,245
2012-07-10,55,17.6,13.4,15.1,16.2,12.1,14.1,2012-07-10T04:56,2012-07-10T21:15,58775.91,36258.88,4.10,4.10,13.0,16.6,237
2012-07-11,61,17.8,10.8,14.2,15.8,8.7,12.2,2012-07-11T04:57,2012-07-11T21:15,58665.43,47398.56,8.50,8.50,12.0,23.5,253
2012-07-12,61,17.3,9.6,13.4,14.4,7.7,11.3,2012-07-12T04:58,2012-07-12T21:14,58550.71,25453.88,9.20,9.20,10.0,19.8,230
2012-07-13,61,18.0,13.6,15.6,15.7,12.1,13.9,2012-07-13T04:59,2012-07-13T21:13,58431.92,38703.57,5.10,5.10,14.0,20.7,230
2012-07-14,61,16.1,12.8,14.1,15.1,11.3,13.2,2012-07-14T05:00,2012-07-14T21:12,58309.00,9227.38,7.30,7.30,20.0,14.0,298
2012-07-15,51,17.8,11.3,14.4,14.5,10.1,12.3,2012-07-15T05:01,2012-07-15T21:11,58180.88,48163.41,0.60,0.60,2.0,18.0,278
2012-07-16,53,17.5,11.9,14.6,15.0,9.5,12.2,2012-07-16T05:03,2012-07-16T21:10,58047.52,2665.95,6.10,6.10,13.0,32.4,236
2012-07-17,3,21.5,14.1,17.7,20.3,12.4,16.2,2012-07-17T05:04,2012-07-17T21:09,57909.20,14116.00,0.00,0.00,0.0,22.0,261
2012-07-18,61,18.0,14.4,16.2,17.0,12.6,14.6,2012-07-18T05:05,2012-07-18T21:08,57766.16,8446.96,4.80,4.80,9.0,25.5,232
2012-07-19,51,18.9,12.5,15.8,16.4,10.2,13.8,2012-07-19T05:06,2012-07-19T21:07,57618.64,51272.94,0.30,0.30,2.0,24.7,275
2012-07-20,51,17.9,10.9,14.3,16.6,9.8,13.4,2012-07-20T05:08,2012-07-20T21:05,57466.87,44235.62,0.80,0.80,4.0,12.9,326
2012-07-21,51,18.5,12.1,15.2,18.3,11.2,14.6,2012-07-21T05:09,2012-07-21T21:04,57311.10,46504.52,0.30,0.30,3.0,8.7,49
2012-07-22,3,20.7,10.6,16.1,20.1,9.4,15.0,2012-07-22T05:10,2012-07-22T21:03,57151.55,51773.41,0.00,0.00,0.0,15.3,197
2012-07-23,0,23.8,10.9,17.9,23.6,9.4,17.1,2012-07-23T05:12,2012-07-23T21:01,56988.46,51682.92,0.00,0.00,0.0,15.1,206
2012-07-24,0,25.9,13.3,19.9,27.8,12.6,20.5,2012-07-24T05:13,2012-07-24T21:00,56822.04,51472.21,0.00,0.00,0.0,7.7,175
2012-07-25,3,27.1,14.2,21.0,29.7,14.7,22.0,2012-07-25T05:15,2012-07-25T20:59,56652.51,50784.10,0.00,0.00,0.0,11.2,51
2012-07-26,3,24.1,13.9,19.2,25.7,13.0,19.3,2012-07-26T05:16,2012-07-26T20:57,56480.09,51252.96,0.00,0.00,0.0,11.8,75
2012-07-27,51,23.9,13.8,18.7,25.0,13.9,19.3,2012-07-27T05:17,2012-07-27T20:56,56304.98,35748.16,0.70,0.70,4.0,13.3,2
2012-07-28,51,18.8,13.4,15.8,17.5,10.5,13.7,2012-07-28T05:19,2012-07-28T20:54,56127.39,40009.29,0.10,0.10,1.0,16.0,301
2012-07-29,63,17.8,10.6,14.1,16.6,8.5,11.9,2012-07-29T05:20,2012-07-29T20:53,55947.51,48265.21,5.60,5.60,7.0,19.4,239
2012-07-30,51,17.5,9.6,14.1,14.4,7.0,11.3,2012-07-30T05:22,2012-07-30T20:51,55765.54,46800.00,0.10,0.10,1.0,21.2,250
2012-07-31,51,19.3,12.3,15.6,18.5,10.7,14.6,2012-07-31T05:23,2012-07-31T20:50,55581.65,6760.75,1.40,1.40,7.0,16.8,205
2012-08-01,51,21.0,12.7,17.1,20.1,11.9,16.2,2012-08-01T05:25,2012-08-01T20:48,55396.04,36203.91,0.90,0.90,3.0,21.6,183
2012-08-02,51,19.7,14.2,16.9,18.8,13.3,15.5,2012-08-02T05:26,2012-08-02T20:46,55208.89,49223.95,0.50,0.50,2.0,24.2,216
2012-08-03,51,19.6,12.4,16.2,18.0,11.3,14.8,2012-08-03T05:28,2012-08-03T20:45,55020.12,50168.03,0.60,0.60,2.0,21.4,204
2012-08-04,55,19.5,13.9,16.4,18.5,12.5,15.2,2012-08-04T05:29,2012-08-04T20:43,54828.25,48815.25,3.60,3.60,10.0,21.4,192
2012-08-05,55,19.0,12.2,15.7,19.1,11.9,15.3,2012-08-05T05:31,2012-08-05T20:41,54633.16,44081.60,4.80,4.80,9.0,15.7,194
2012-08-06,61,19.9,12.3,15.8,18.8,12.1,14.8,2012-08-06T05:32,2012-08-06T20:40,54435.10,46833.49,5.40,5.40,7.0,18.6,247
2012-08-07,51,18.8,11.3,15.3,16.3,9.6,13.6,2012-08-07T05:34,2012-08-07T20:38,54234.27,33268.58,0.70,0.70,5.0,18.0,241
2012-08-08,51,21.9,15.2,18.4,22.3,14.7,18.9,2012-08-08T05:36,2012-08-08T20:36,54030.92,43200.00,1.10,1.10,6.0,12.4,270
2012-08-09,3,23.4,14.1,18.9,23.7,14.5,19.8,2012-08-09T05:37,2012-08-09T20:34,53825.24,46382.48,0.00,0.00,0.0,6.2,26
2012-08-10,2,24.0,13.2,19.0,25.3,13.9,19.9,2012-08-10T05:39,2012-08-10T20:32,53617.46,46480.95,0.00,0.00,0.0,9.0,108
2012-08-11,1,21.8,13.9,17.8,20.3,13.5,16.7,2012-08-11T05:40,2012-08-11T20:30,53407.76,42276.53,0.00,0.00,0.0,19.9,92
2012-08-12,51,23.8,14.4,19.0,24.8,13.4,18.7,2012-08-12T05:42,2012-08-12T20:28,53196.36,48876.63,0.10,0.10,1.0,15.5,129
2012-08-13,51,20.5,14.2,17.5,20.0,14.2,17.3,2012-08-13T05:43,2012-08-13T20:26,52983.43,7298.30,1.80,1.80,8.0,19.0,183
2012-08-14,53,23.0,15.8,19.0,22.5,16.1,19.1,2012-08-14T05:45,2012-08-14T20:24,52769.16,40419.36,2.00,2.00,5.0,12.3,179
2012-08-15,61,22.5,16.7,18.8,22.3,14.0,18.0,2012-08-15T05:47,2012-08-15T20:22,52553.74,20083.87,6.20,6.20,6.0,27.0,148
2012-08-16,51,20.6,15.8,18.1,18.7,13.8,16.3,2012-08-16T05:48,2012-08-16T20:20,52337.34,40590.53,0.10,0.10,1.0,23.6,200
2012-08-17,53,24.5,17.0,20.7,24.0,15.4,19.6,2012-08-17T05:50,2012-08-17T20:18,52120.12,43147.91,0.80,0.80,1.0,22.5,171
2012-08-18,1,27.0,18.1,22.7,29.3,17.7,23.7,2012-08-18T05:51,2012-08-18T20:16,51902.27,47188.41,0.00,0.00,0.0,17.4,207
2012-08-19,51,28.0,17.0,22.5,31.6,18.1,24.3,2012-08-19T05:53,2012-08-19T20:14,51683.93,47602.52,0.20,0.20,1.0,12.9,286
2012-08-20,51,22.5,15.2,19.2,22.8,15.8,19.7,2012-08-20T05:55,2012-08-20T20:12,51465.25,31274.82,0.90,0.90,4.0,16.5,239
2012-08-21,53,21.6,14.7,17.7,20.8,15.1,17.6,2012-08-21T05:56,2012-08-21T20:10,51246.41,29578.96,0.70,0.70,2.0,15.9,247
2012-08-22,3,20.1,12.5,16.5,17.2,10.7,14.4,2012-08-22T05:58,2012-08-22T20:08,51027.54,41928.49,0.00,0.00,0.0,21.7,251
2012-08-23,3,19.4,11.8,15.8,18.3,10.8,14.8,2012-08-23T05:59,2012-08-23T20:06,50808.55,22975.97,0.00,0.00,0.0,12.9,238
2012-08-24,61,20.4,12.4,16.0,18.0,11.8,15.0,2012-08-24T06:01,2012-08-24T20:04,50587.88,31816.19,5.70,5.70,6.0,20.2,188
2012-08-25,61,19.3,14.9,16.8,18.8,12.4,15.7,2012-08-25T06:03,2012-08-25T20:02,50365.38,28800.62,5.50,5.50,8.0,23.3,226
2012-08-26,3,19.8,13.3,16.4,17.6,11.2,14.2,2012-08-26T06:04,2012-08-26T20:00,50141.22,43579.96,0.00,0.00,0.0,24.6,276
2012-08-27,53,19.7,11.8,16.1,17.9,10.5,14.5,2012-08-27T06:06,2012-08-27T19:57,49915.56,28587.16,1.90,1.90,5.0,23.4,181
2012-08-28,53,20.8,14.6,17.3,19.0,13.6,16.0,2012-08-28T06:07,2012-08-28T19:55,49688.57,37497.13,0.50,0.50,1.0,19.8,226
2012-08-29,61,18.0,13.6,15.3,15.7,11.1,13.5,2012-08-29T06:09,2012-08-29T19:53,49460.42,26365.83,6.50,6.50,6.0,24.9,201
2012-08-30,61,18.0,10.6,14.4,16.0,6.4,11.8,2012-08-30T06:10,2012-08-30T19:51,49231.25,38259.54,3.60,3.60,5.0,28.7,295
2012-08-31,3,16.5,7.8,12.3,13.1,3.8,9.1,2012-08-31T06:12,2012-08-31T19:49,49001.22,35389.38,0.00,0.00,0.0,18.6,325
2012-09-01,3,19.6,12.6,15.5,19.0,11.4,14.6,2012-09-01T06:14,2012-09-01T19:46,48770.48,4332.10,0.00,0.00,0.0,13.7,247
2012-09-02,3,18.6,11.5,15.1,18.4,10.0,14.5,2012-09-02T06:15,2012-09-02T19:44,48539.18,216.32,0.00,0.00,0.0,14.1,254
2012-09-03,3,21.8,14.6,17.7,21.9,14.6,18.1,2012-09-03T06:17,2012-09-03T19:42,48307.45,41612.87,0.00,0.00,0.0,9.7,308
2012-09-04,3,22.4,12.1,17.1,23.0,11.1,16.8,2012-09-04T06:18,2012-09-04T19:40,48075.44,30475.56,0.00,0.00,0.0,17.5,312
2012-09-05,1,18.3,10.4,14.5,16.2,7.7,12.4,2012-09-05T06:20,2012-09-05T19:37,47843.28,43201.99,0.00,0.00,0.0,15.5,5
2012-09-06,2,19.5,9.4,14.4,17.5,8.2,13.1,2012-09-06T06:22,2012-09-06T19:35,47611.10,42778.80,0.00,0.00,0.0,14.2,234
2012-09-07,1,22.8,9.8,15.9,21.2,8.0,14.6,2012-09-07T06:23,2012-09-07T19:33,47379.04,43200.00,0.00,0.00,0.0,13.5,258
2012-09-08,2,23.3,9.3,16.0,22.4,8.1,15.2,2012-09-08T06:25,2012-09-08T19:30,47147.24,43081.02,0.00,0.00,0.0,8.7,227
2012-09-09,2,25.5,9.9,16.9,24.4,7.9,15.5,2012-09-09T06:26,2012-09-09T19:28,46915.81,38619.61,0.00,0.00,0.0,20.7,193
2012-09-10,51,19.6,15.2,17.4,17.1,13.6,15.4,2012-09-10T06:28,2012-09-10T19:26,46684.89,18760.73,0.40,0.40,4.0,27.3,216
2012-09-11,51,16.8,11.8,15.1,13.8,8.5,11.8,2012-09-11T06:30,2012-09-11T19:24,46454.60,37897.18,0.40,0.40,2.0,22.7,264
2012-09-12,55,17.0,7.6,12.6,13.9,5.0,9.8,2012-09-12T06:31,2012-09-12T19:21,46224.83,37308.11,2.30,2.30,6.0,22.5,264
2012-09-13,2,17.0,7.2,12.5,14.1,4.6,9.8,2012-09-13T06:33,2012-09-13T19:19,45994.03,42105.80,0.00,0.00,0.0,19.4,288
2012-09-14,3,17.8,12.4,15.3,14.8,9.6,12.2,2012-09-14T06:34,2012-09-14T19:17,45762.01,17727.90,0.00,0.00,0.0,25.1,267
2012-09-15,2,19.5,8.2,13.9,17.6,6.2,12.3,2012-09-15T06:36,2012-09-15T19:15,45528.92,41644.55,0.00,0.00,0.0,13.4,255
2012-09-16,3,18.1,12.5,15.2,15.5,11.6,13.5,2012-09-16T06:37,2012-09-16T19:12,45294.89,21675.65,0.00,0.00,0.0,18.4,234
2012-09-17,3,18.0,12.8,15.6,14.9,11.7,13.5,2012-09-17T06:39,2012-09-17T19:10,45060.07,33761.77,0.00,0.00,0.0,20.1,247
2012-09-18,2,15.7,10.2,13.3,12.0,6.3,10.0,2012-09-18T06:41,2012-09-18T19:08,44824.60,40942.96,0.00,0.00,0.0,21.1,278
2012-09-19,3,14.9,7.2,11.3,11.1,4.0,7.8,2012-09-19T06:42,2012-09-19T19:05,44588.60,38282.02,0.00,0.00,0.0,18.2,285
2012-09-20,3,16.5,7.9,12.2,13.2,5.5,9.7,2012-09-20T06:44,2012-09-20T19:03,44352.22,22968.34,0.00,0.00,0.0,18.4,232
2012-09-21,51,16.4,9.6,12.4,14.0,8.0,10.7,2012-09-21T06:46,2012-09-21T19:01,44115.59,8220.48,0.60,0.60,2.0,16.2,289
2012-09-22,3,14.8,5.8,10.6,11.5,3.2,7.8,2012-09-22T06:47,2012-09-22T18:58,43878.83,34833.49,0.00,0.00,0.0,15.9,29
2012-09-23,63,11.9,9.2,10.8,9.7,6.6,7.7,2012-09-23T06:49,2012-09-23T18:56,43642.09,0.00,25.20,25.20,15.0,26.6,89
2012-09-24,61,15.2,10.6,12.6,15.2,6.8,9.9,2012-09-24T06:50,2012-09-24T18:54,43405.50,9840.17,8.80,8.80,13.0,32.3,212
2012-09-25,53,14.7,9.4,11.7,11.0,5.7,8.1,2012-09-25T06:52,2012-09-25T18:51,43169.18,38139.82,0.80,0.80,2.0,28.4,208
2012-09-26,53,14.8,10.1,11.9,13.9,7.6,10.3,2012-09-26T06:54,2012-09-26T18:49,42933.28,23521.04,3.70,3.70,11.0,16.5,170
2012-09-27,51,15.1,8.6,11.5,12.5,6.8,9.2,2012-09-27T06:55,2012-09-27T18:47,42697.92,18031.47,0.20,0.20,2.0,18.6,313
2012-09-28,51,15.9,8.4,12.0,13.5,5.6,9.4,2012-09-28T06:57,2012-09-28T18:44,42463.23,36749.74,0.50,0.50,3.0,23.0,233
2012-09-29,3,14.6,7.9,11.0,10.7,5.3,8.1,2012-09-29T06:58,2012-09-29T18:42,42229.36,34052.62,0.00,0.00,0.0,17.9,276
2012-09-30,3,16.3,6.0,11.4,12.0,3.2,8.2,2012-09-30T07:00,2012-09-30T18:40,41996.43,25698.85,0.00,0.00,0.0,27.7,224
2012-10-01,55,16.2,11.7,14.1,14.6,9.4,12.1,2012-10-01T07:02,2012-10-01T18:38,41764.59,10777.74,3.90,3.90,9.0,21.7,221
2012-10-02,53,16.2,10.5,12.9,12.4,8.3,9.9,2012-10-02T07:03,2012-10-02T18:35,41533.73,27628.60,3.00,3.00,7.0,28.7,214
2012-10-03,53,14.6,8.9,12.2,10.3,6.4,9.0,2012-10-03T07:05,2012-10-03T18:33,41302.17,35722.66,1.40,1.40,5.0,24.4,233
2012-10-04,51,14.4,6.8,10.8,11.0,3.8,7.8,2012-10-04T07:07,2012-10-04T18:31,41069.71,27581.39,0.20,0.20,2.0,23.1,240
2012-10-05,63,15.6,10.8,12.6,12.2,8.7,10.3,2012-10-05T07:08,2012-10-05T18:29,40836.50,17213.51,12.10,12.10,15.0,37.6,242
2012-10-06,61,14.6,7.7,10.7,12.6,4.4,8.5,2012-10-06T07:10,2012-10-06T18:26,40602.70,35625.53,8.70,8.70,8.0,19.1,9
2012-10-07,3,14.2,7.2,10.8,13.1,5.5,9.3,2012-10-07T07:12,2012-10-07T18:24,40368.45,25582.92,0.00,0.00,0.0,11.1,11
2012-10-08,61,11.8,9.6,10.8,10.5,7.0,8.9,2012-10-08T07:13,2012-10-08T18:22,40133.91,7179.06,6.20,6.20,7.0,15.6,97
2012-10-09,3,13.2,9.0,10.9,11.0,6.7,8.6,2012-10-09T07:15,2012-10-09T18:20,39899.23,24869.17,0.00,0.00,0.0,13.1,55
2012-10-10,3,13.6,7.9,10.9,11.7,5.8,8.7,2012-10-10T07:17,2012-10-10T18:18,39664.56,25382.28,0.00,0.00,0.0,12.3,96
2012-10-11,61,15.1,8.8,12.0,13.5,6.1,10.0,2012-10-11T07:18,2012-10-11T18:15,39430.07,8493.00,6.00,6.00,11.0,20.3,128
2012-10-12,53,13.9,7.3,10.9,12.8,4.3,7.3,2012-10-12T07:20,2012-10-12T18:13,39195.90,27607.27,1.00,1.00,3.0,23.7,254
2012-10-13,55,11.3,5.2,7.8,9.3,2.2,5.4,2012-10-13T07:22,2012-10-13T18:11,38962.23,29257.92,3.20,3.20,7.0,13.4,256
2012-10-14,2,11.4,1.5,6.6,7.7,-1.5,3.5,2012-10-14T07:23,2012-10-14T18:09,38729.21,34520.38,0.00,0.00,0.0,15.4,316
2012-10-15,51,12.9,1.9,7.9,9.4,-1.0,4.9,2012-10-15T07:25,2012-10-15T18:07,38497.03,31188.42,0.30,0.30,2.0,20.6,222
2012-10-16,53,14.0,8.0,11.1,8.6,4.7,6.8,2012-10-16T07:27,2012-10-16T18:04,38265.84,30908.27,1.70,1.70,4.0,31.1,227
2012-10-17,63,15.2,8.2,12.3,12.2,5.2,9.1,2012-10-17T07:29,2012-10-17T18:02,38035.82,30253.00,10.40,10.40,14.0,30.5,178
2012-10-18,61,15.6,11.4,13.1,13.0,9.0,10.7,2012-10-18T07:30,2012-10-18T18:00,37807.16,19651.11,4.50,4.50,7.0,22.3,185
2012-10-19,61,13.1,9.7,11.6,12.6,8.5,11.0,2012-10-19T07:32,2012-10-19T17:58,37580.02,0.00,5.90,5.90,11.0,9.8,98
2012-10-20,53,13.4,8.0,11.0,12.5,6.1,10.0,2012-10-20T07:34,2012-10-20T17:56,37354.61,5389.82,2.20,2.20,4.0,10.0,217
2012-10-21,53,12.8,9.4,11.1,9.8,7.1,8.6,2012-10-21T07:35,2012-10-21T17:54,37131.11,6993.00,2.40,2.40,7.0,22.7,50
2012-10-22,3,15.8,11.9,13.6,15.7,10.1,13.0,2012-10-22T07:37,2012-10-22T17:52,36909.43,0.00,0.00,0.00,0.0,14.8,51
2012-10-23,3,14.8,12.2,13.4,14.3,11.6,12.9,2012-10-23T07:39,2012-10-23T17:50,36687.71,0.00,0.00,0.00,0.0,11.6,18
2012-10-24,51,14.9,11.8,13.0,13.3,10.4,11.6,2012-10-24T07:41,2012-10-24T17:48,36465.73,4869.09,0.40,0.40,3.0,18.1,52
2012-10-25,3,12.7,9.4,11.8,10.7,4.7,8.8,2012-10-25T07:42,2012-10-25T17:46,36243.67,937.75,0.00,0.00,0.0,23.9,56
2012-10-26,53,9.1,3.3,7.4,4.8,-2.3,2.8,2012-10-26T07:44,2012-10-26T17:44,36021.72,1248.53,2.70,2.70,9.0,24.9,30
2012-10-27,2,7.6,1.6,4.4,1.6,-5.0,-1.6,2012-10-27T07:46,2012-10-27T17:42,35800.08,31138.94,0.00,0.00,0.0,34.1,349
2012-10-28,53,9.4,0.3,5.2,6.0,-3.5,1.6,2012-10-28T07:48,2012-10-28T17:40,35578.94,7831.48,1.80,1.80,5.0,17.7,249
2012-10-29,51,11.6,6.8,8.7,8.5,3.6,5.8,2012-10-29T07:49,2012-10-29T17:38,35358.51,24053.99,1.30,1.30,6.0,19.4,240
2012-10-30,3,9.5,5.2,7.0,5.9,2.3,4.1,2012-10-30T07:51,2012-10-30T17:37,35138.98,27187.43,0.00,0.00,0.0,14.3,272
2012-10-31,53,11.4,5.6,8.7,6.7,2.0,4.5,2012-10-31T07:53,2012-10-31T17:35,34920.58,16617.27,2.80,2.80,8.0,31.4,193
2012-11-01,63,10.2,4.2,7.4,6.1,-0.1,3.6,2012-11-01T07:55,2012-11-01T17:33,34703.52,26977.97,12.00,12.00,11.0,27.5,228
2012-11-02,3,9.5,4.0,6.0,4.9,-0.6,1.9,2012-11-02T07:56,2012-11-02T17:31,34488.03,29928.66,0.00,0.00,0.0,21.3,230
2012-11-03,3,8.9,3.6,5.7,4.5,0.2,2.0,2012-11-03T07:58,2012-11-03T17:29,34274.33,28508.06,0.00,0.00,0.0,23.1,226
2012-11-04,63,8.1,2.2,5.1,5.5,-0.7,1.8,2012-11-04T08:00,2012-11-04T17:28,34062.66,2781.35,13.60,13.60,9.0,25.3,202
2012-11-05,3,8.7,3.0,5.5,4.9,0.3,2.3,2012-11-05T08:02,2012-11-05T17:26,33853.27,28495.14,0.00,0.00,0.0,15.5,347
2012-11-06,53,8.7,-0.1,5.0,5.0,-3.8,1.4,2012-11-06T08:04,2012-11-06T17:24,33646.39,16268.87,1.60,1.60,4.0,19.4,275
2012-11-07,3,9.5,3.4,7.0,5.8,0.2,3.6,2012-11-07T08:05,2012-11-07T17:22,33442.30,27809.89,0.00,0.00,0.0,18.2,254
2012-11-08,3,11.4,6.5,8.7,8.5,2.8,5.6,2012-11-08T08:07,2012-11-08T17:21,33241.25,21431.12,0.00,0.00,0.0,18.2,248
2012-11-09,3,10.9,4.4,7.6,7.9,1.6,4.7,2012-11-09T08:09,2012-11-09T17:19,33043.51,16752.88,0.00,0.00,0.0,20.1,201
2012-11-10,53,9.7,3.8,8.3,7.8,0.8,5.8,2012-11-10T08:10,2012-11-10T17:18,32849.36,0.00,3.10,3.10,12.0,17.5,220
2012-11-11,3,8.9,-0.1,3.8,6.2,-3.4,0.9,2012-11-11T08:12,2012-11-11T17:16,32658.77,27705.87,0.00,0.00,0.0,9.5,264
2012-11-12,53,11.6,1.8,7.0,9.9,-1.3,4.1,2012-11-12T08:14,2012-11-12T17:15,32469.84,0.00,3.10,3.10,9.0,21.6,213
2012-11-13,3,13.3,8.6,10.8,11.0,5.8,8.7,2012-11-13T08:16,2012-11-13T17:13,32282.34,16694.59,0.00,0.00,0.0,18.4,210
2012-11-14,3,11.4,7.1,9.6,9.9,5.3,8.0,2012-11-14T08:17,2012-11-14T17:12,32096.51,16238.97,0.00,0.00,0.0,11.2,128
2012-11-15,3,8.0,5.8,7.0,6.3,3.9,5.3,2012-11-15T08:19,2012-11-15T17:11,31912.56,0.00,0.00,0.00,0.0,6.8,109
2012-11-16,51,8.9,4.8,6.9,6.8,2.7,4.6,2012-11-16T08:21,2012-11-16T17:09,31730.73,0.00,0.40,0.40,2.0,14.0,146
2012-11-17,51,11.6,6.8,9.9,9.9,4.6,7.9,2012-11-17T08:22,2012-11-17T17:08,31551.26,11032.28,0.30,0.30,2.0,16.9,238
2012-11-18,2,7.8,0.5,4.0,5.7,-2.6,1.4,2012-11-18T08:24,2012-11-18T17:07,31374.38,26667.76,0.00,0.00,0.0,9.8,258
2012-11-19,3,10.2,1.9,7.2,6.4,-1.7,3.1,2012-11-19T08:26,2012-11-19T17:06,31200.37,19618.78,0.00,0.00,0.0,26.5,184
2012-11-20,61,12.9,10.2,11.5,9.1,6.6,7.9,2012-11-20T08:27,2012-11-20T17:04,31029.45,0.00,6.70,6.70,16.0,29.4,187
2012-11-21,61,11.4,5.8,8.9,9.0,-0.0,5.6,2012-11-21T08:29,2012-11-21T17:03,30861.90,7077.76,11.60,11.60,18.0,39.0,201
2012-11-22,53,12.1,5.8,10.1,7.4,2.2,5.1,2012-11-22T08:31,2012-11-22T17:02,30697.99,22107.96,1.00,1.00,2.0,39.1,192
2012-11-23,63,10.8,3.8,7.3,8.0,1.3,4.4,2012-11-23T08:32,2012-11-23T17:01,30537.98,25708.16,10.80,10.80,7.0,36.6,212
2012-11-24,55,9.1,2.1,6.2,5.5,-0.5,3.0,2012-11-24T08:34,2012-11-24T17:00,30382.17,0.00,9.20,9.20,14.0,23.7,113
2012-11-25,55,11.5,6.7,9.4,7.5,-0.2,4.4,2012-11-25T08:35,2012-11-25T16:59,30230.81,24272.26,5.80,5.80,12.0,43.2,223
2012-11-26,61,9.6,5.9,8.1,8.8,3.1,5.6,2012-11-26T08:37,2012-11-26T16:58,30084.22,19112.12,9.40,9.40,14.0,26.3,203
2012-11-27,53,8.1,5.4,6.4,4.2,0.6,2.6,2012-11-27T08:38,2012-11-27T16:57,29942.67,0.00,3.40,3.40,12.0,27.5,353
2012-11-28,3,6.7,2.3,4.8,1.5,-2.8,-0.2,2012-11-28T08:40,2012-11-28T16:57,29806.48,4017.65,0.00,0.00,0.0,26.3,350
2012-11-29,2,4.8,-0.9,1.7,0.8,-4.5,-2.6,2012-11-29T08:41,2012-11-29T16:56,29675.92,24479.17,0.00,0.00,0.0,20.3,332
2012-11-30,3,4.1,-3.4,-0.2,0.8,-7.1,-3.5,2012-11-30T08:43,2012-11-30T16:55,29551.32,23721.97,0.00,0.00,0.0,9.6,305
2012-12-01,51,4.8,-3.3,0.1,0.8,-7.3,-3.9,2012-12-01T08:44,2012-12-01T16:55,29432.75,17916.01,0.10,0.10,1.0,17.7,291
2012-12-02,3,4.1,-2.4,-0.2,0.9,-6.9,-4.2,2012-12-02T08:45,2012-12-02T16:54,29318.83,23541.45,0.00,0.00,0.0,14.2,284
2012-12-03,55,9.4,0.4,6.0,6.7,-3.1,2.3,2012-12-03T08:47,2012-12-03T16:53,29209.39,8127.34,7.40,7.40,12.0,24.9,250
2012-12-04,3,6.2,-0.4,3.0,1.5,-3.8,-1.3,2012-12-04T08:48,2012-12-04T16:53,29104.60,22310.10,0.00,0.00,0.0,22.0,275
2012-12-05,73,2.7,-1.6,0.2,-2.3,-6.0,-4.3,2012-12-05T08:49,2012-12-05T16:53,29004.61,19593.97,1.30,0.30,4.0,19.6,322
2012-12-06,51,4.3,-4.6,-0.1,-1.2,-8.5,-4.5,2012-12-06T08:50,2012-12-06T16:52,28909.57,9422.99,1.20,1.20,4.0,26.4,227
2012-12-07,73,5.1,1.5,3.6,-0.5,-4.3,-2.1,2012-12-07T08:52,2012-12-07T16:52,28819.65,14871.71,5.00,4.30,7.0,31.8,302
2012-12-08,3,5.3,1.1,3.3,2.0,-2.4,-0.5,2012-12-08T08:53,2012-12-08T16:52,28735.00,18499.23,0.00,0.00,0.0,21.2,313
2012-12-09,3,8.0,3.1,5.9,2.8,-1.2,1.2,2012-12-09T08:54,2012-12-09T16:51,28655.77,5485.74,0.00,0.00,0.0,31.8,278
2012-12-10,2,5.2,0.0,2.9,0.5,-4.2,-1.9,2012-12-10T08:55,2012-12-10T16:51,28582.11,22937.18,0.00,0.00,0.0,21.3,335
2012-12-11,3,3.2,-2.7,-0.6,-0.1,-6.6,-4.3,2012-12-11T08:56,2012-12-11T16:51,28514.16,23045.56,0.00,0.00,0.0,12.8,354
2012-12-12,3,1.5,-2.9,-1.3,-1.6,-5.9,-4.5,2012-12-12T08:57,2012-12-12T16:51,28452.10,850.52,0.00,0.00,0.0,9.0,169
2012-12-13,3,1.0,-3.0,-1.0,-2.7,-7.1,-4.9,2012-12-13T08:58,2012-12-13T16:51,28396.04,14249.35,0.00,0.00,0.0,10.8,92
2012-12-14,63,9.1,1.5,5.9,4.9,-2.1,1.3,2012-12-14T08:59,2012-12-14T16:51,28346.15,0.00,14.20,14.20,10.0,36.2,168
2012-12-15,3,9.6,5.8,7.3,5.4,1.4,3.3,2012-12-15T09:00,2012-12-15T16:51,28302.56,18159.19,0.00,0.00,0.0,25.0,216
2012-12-16,51,8.6,4.1,5.8,5.7,0.7,2.6,2012-12-16T09:01,2012-12-16T16:52,28265.41,21715.14,0.40,0.40,2.0,16.1,210
2012-12-17,3,8.0,4.4,5.7,4.6,0.9,2.2,2012-12-17T09:01,2012-12-17T16:52,28234.83,20746.45,0.00,0.00,0.0,17.3,233
2012-12-18,51,6.9,3.9,5.4,4.1,0.8,2.3,2012-12-18T09:02,2012-12-18T16:52,28210.94,11911.06,0.10,0.10,1.0,17.2,303
2012-12-19,53,6.5,2.3,4.9,2.5,-0.5,1.0,2012-12-19T09:03,2012-12-19T16:52,28193.87,0.00,3.40,3.40,8.0,24.1,126
2012-12-20,61,8.8,6.2,7.7,6.4,1.7,4.1,2012-12-20T09:03,2012-12-20T16:53,28183.75,0.00,13.40,13.40,18.0,23.0,145
2012-12-21,3,8.5,4.8,6.5,5.5,1.4,3.5,2012-12-21T09:04,2012-12-21T16:53,28180.65,2286.34,0.00,0.00,0.0,17.7,250
2012-12-22,61,12.6,5.1,9.3,10.1,2.2,6.1,2012-12-22T09:04,2012-12-22T16:54,28184.51,0.00,14.30,14.30,17.0,25.3,202
2012-12-23,55,12.7,7.8,11.0,9.3,5.2,7.7,2012-12-23T09:04,2012-12-23T16:54,28195.21,4344.72,2.40,2.40,3.0,28.2,234
2012-12-24,53,11.7,7.3,9.1,7.3,4.6,5.6,2012-12-24T09:05,2012-12-24T16:55,28212.66,0.00,4.90,4.90,12.0,35.7,206
2012-12-25,53,8.6,4.6,7.5,5.1,0.8,3.5,2012-12-25T09:05,2012-12-25T16:56,28236.78,16990.27,3.20,3.20,9.0,24.9,226
2012-12-26,61,9.6,3.8,6.7,5.4,-0.4,2.3,2012-12-26T09:05,2012-12-26T16:56,28267.45,8134.49,2.20,2.20,4.0,32.8,236
2012-12-27,61,7.9,5.3,6.4,3.2,1.0,2.1,2012-12-27T09:05,2012-12-27T16:57,28304.57,6019.89,3.20,3.20,6.0,26.0,263
2012-12-28,55,11.1,4.2,8.4,7.7,1.2,4.9,2012-12-28T09:06,2012-12-28T16:58,28348.03,0.00,3.20,3.20,8.0,30.9,208
2012-12-29,53,11.1,6.4,9.7,6.1,1.8,4.6,2012-12-29T09:06,2012-12-29T16:59,28397.71,0.00,1.80,1.80,4.0,36.0,206
2012-12-30,3,9.1,4.7,6.7,3.5,-0.9,1.4,2012-12-30T09:06,2012-12-30T17:00,28453.49,18449.80,0.00,0.00,0.0,32.4,235
2012-12-31,55,10.6,9.1,10.1,6.9,4.0,5.1,2012-12-31T09:06,2012-12-31T17:01,28515.25,723.11,4.10,4.10,8.0,40.0,217
2013-01-01,51,8.9,3.3,5.7,5.7,-0.8,1.7,2013-01-01T09:06,2013-01-01T17:02,28582.87,22640.70,0.20,0.20,1.0,18.1,270
2013-01-02,51,10.1,2.7,6.1,7.5,-1.0,2.7,2013-01-02T09:05,2013-01-02T17:03,28656.21,0.00,0.10,0.10,1.0,18.3,258
2013-01-03,3,11.4,9.4,10.2,9.0,6.7,7.5,2013-01-03T09:05,2013-01-03T17:04,28735.16,0.00,0.00,0.00,0.0,19.8,267
2013-01-04,3,9.6,8.0,8.8,7.2,5.2,6.1,2013-01-04T09:05,2013-01-04T17:05,28819.57,0.00,0.00,0.00,0.0,16.3,265
2013-01-05,3,9.9,7.3,8.5,7.4,5.1,6.2,2013-01-05T09:05,2013-01-05T17:07,28909.31,33.92,0.00,0.00,0.0,14.8,250
2013-01-06,3,8.7,5.1,7.0,7.0,2.6,4.8,2013-01-06T09:04,2013-01-06T17:08,29004.24,0.00,0.00,0.00,0.0,11.0,233
2013-01-07,3,8.7,6.6,7.5,5.5,4.0,4.7,2013-01-07T09:04,2013-01-07T17:09,29104.24,2896.70,0.00,0.00,0.0,15.2,204
2013-01-08,53,10.4,7.6,8.8,8.0,4.9,6.1,2013-01-08T09:04,2013-01-08T17:10,29209.15,1615.85,1.10,1.10,2.0,17.0,218
2013-01-09,55,9.1,0.9,6.8,7.9,-2.3,4.5,2013-01-09T09:03,2013-01-09T17:12,29318.85,15448.89,4.50,4.50,7.0,13.7,333
2013-01-10,3,3.8,0.4,1.7,1.2,-2.4,-1.0,2013-01-10T09:02,2013-01-10T17:13,29433.41,1698.52,0.00,0.00,0.0,9.5,317
2013-01-11,3,5.4,1.1,2.7,3.3,-2.2,-0.2,2013-01-11T09:02,2013-01-11T17:14,29554.08,15796.86,0.00,0.00,0.0,10.4,319
2013-01-12,71,3.5,1.9,2.7,-0.6,-3.2,-1.9,2013-01-12T09:01,2013-01-12T17:16,29680.88,914.95,3.40,3.20,14.0,22.3,92
2013-01-13,3,2.9,-1.7,1.1,-1.8,-5.4,-3.3,2013-01-13T09:00,2013-01-13T17:17,29813.50,23544.89,0.00,0.00,0.0,16.5,27
2013-01-14,73,2.3,-2.1,0.1,-2.2,-5.7,-3.9,2013-01-14T09:00,2013-01-14T17:19,29951.63,312.98,4.20,1.40,9.0,22.5,256
2013-01-15,71,2.5,-2.0,0.6,-1.9,-5.6,-4.0,2013-01-15T08:59,2013-01-15T17:20,30095.01,22053.19,0.10,0.00,1.0,24.2,336
2013-01-16,3,0.8,-3.9,-2.3,-2.5,-7.6,-5.8,2013-01-16T08:58,2013-01-16T17:22,30243.33,20532.00,0.00,0.00,0.0,8.6,44
2013-01-17,3,0.7,-4.6,-2.3,-2.4,-7.9,-5.8,2013-01-17T08:57,2013-01-17T17:24,30396.32,14951.58,0.00,0.00,0.0,12.2,105
2013-01-18,73,-0.9,-2.2,-1.4,-5.3,-7.9,-6.6,2013-01-18T08:56,2013-01-18T17:25,30553.69,0.00,4.60,0.00,15.0,21.7,116
2013-01-19,71,0.8,-0.9,-0.2,-4.3,-6.1,-5.1,2013-01-19T08:55,2013-01-19T17:27,30715.16,6532.88,0.60,0.00,4.0,19.2,59
2013-01-20,73,-0.9,-1.9,-1.3,-4.4,-6.8,-5.8,2013-01-20T08:54,2013-01-20T17:29,30880.47,0.00,5.00,0.00,15.0,17.3,16
2013-01-21,71,0.6,-3.4,-1.5,-2.4,-6.9,-4.9,2013-01-21T08:53,2013-01-21T17:30,31049.36,13449.26,0.00,0.00,0.0,8.6,193
2013-01-22,73,1.9,-5.8,-1.5,-2.1,-9.9,-6.0,2013-01-22T08:51,2013-01-22T17:32,31221.56,786.41,1.10,0.10,6.0,22.2,92
2013-01-23,71,1.6,0.2,0.8,-2.7,-4.4,-3.7,2013-01-23T08:50,2013-01-23T17:34,31396.83,0.00,1.00,0.20,8.0,22.0,77
2013-01-24,71,1.5,-1.9,-0.3,-2.5,-5.6,-4.2,2013-01-24T08:49,2013-01-24T17:35,31574.91,22414.22,0.00,0.00,0.0,14.1,48
2013-01-25,3,1.6,-5.7,-1.5,-3.5,-10.1,-6.0,2013-01-25T08:48,2013-01-25T17:37,31755.56,10773.08,0.00,0.00,0.0,24.5,157
2013-01-26,73,6.1,1.0,3.2,1.1,-4.3,-1.2,2013-01-26T08:46,2013-01-26T17:39,31938.55,23845.91,5.00,2.70,9.0,29.6,211
2013-01-27,61,9.7,4.3,7.6,5.4,-1.0,2.2,2013-01-27T08:45,2013-01-27T17:41,32123.65,25200.00,3.90,3.90,8.0,32.6,226
2013-01-28,55,9.9,1.9,5.7,4.8,-2.8,0.5,2013-01-28T08:44,2013-01-28T17:42,32310.63,9445.15,2.60,2.60,5.0,40.4,222
2013-01-29,53,12.7,8.2,10.8,9.0,4.5,6.7,2013-01-29T08:42,2013-01-29T17:44,32499.28,0.00,1.80,1.80,5.0,34.0,226
2013-01-30,61,12.2,6.6,10.1,8.4,1.0,4.9,2013-01-30T08:41,2013-01-30T17:46,32689.68,27861.17,4.50,4.50,5.0,35.5,246
2013-01-31,53,10.1,5.9,8.2,4.1,0.4,2.6,2013-01-31T08:40,2013-01-31T17:48,32883.76,27737.55,1.20,1.20,3.0,34.9,244
2013-02-01,53,6.9,1.9,5.3,3.0,-1.3,1.8,2013-02-01T08:38,2013-02-01T17:49,33081.66,8757.38,3.40,3.40,8.0,21.5,263
2013-02-02,3,4.8,-0.6,2.6,-1.1,-5.0,-2.6,2013-02-02T08:36,2013-02-02T17:51,33283.09,28504.57,0.00,0.00,0.0,25.3,336
2013-02-03,3,8.4,-2.8,3.5,5.2,-7.2,-0.7,2013-02-03T08:35,2013-02-03T17:53,33487.75,46.98,0.00,0.00,0.0,23.9,254
2013-02-04,3,9.3,5.2,7.9,5.0,-0.3,2.9,2013-02-04T08:33,2013-02-04T17:55,33695.38,28506.63,0.00,0.00,0.0,30.7,268
2013-02-05,71,5.2,1.4,3.5,-0.7,-4.5,-2.6,2013-02-05T08:31,2013-02-05T17:57,33905.71,27019.11,2.30,2.00,6.0,31.9,260
2013-02-06,51,4.9,1.9,3.5,-1.4,-4.1,-2.3,2013-02-06T08:30,2013-02-06T17:59,34118.48,28598.00,1.20,1.20,7.0,31.1,333
2013-02-07,51,5.1,-0.4,1.9,0.8,-5.7,-2.8,2013-02-07T08:28,2013-02-07T18:00,34333.44,20026.52,1.00,1.00,5.0,22.5,313
2013-02-08,3,4.8,-1.9,1.2,0.7,-6.2,-3.0,2013-02-08T08:26,2013-02-08T18:02,34550.33,24015.86,0.00,0.00,0.0,17.1,326
2013-02-09,71,4.1,-1.1,1.5,0.8,-4.4,-1.8,2013-02-09T08:24,2013-02-09T18:04,34768.92,15559.85,0.00,0.00,0.0,16.0,260
2013-02-10,73,4.1,1.0,2.6,-0.0,-4.5,-1.9,2013-02-10T08:23,2013-02-10T18:06,34988.98,0.00,11.60,8.50,18.0,26.3,136
2013-02-11,73,2.5,0.4,1.1,-1.5,-4.2,-3.2,2013-02-11T08:21,2013-02-11T18:08,35210.27,3007.60,6.00,0.80,16.0,20.8,57
2013-02-12,3,2.2,0.1,1.0,-2.1,-4.0,-3.1,2013-02-12T08:19,2013-02-12T18:10,35432.57,9760.00,0.00,0.00,0.0,14.8,46
2013-02-13,73,2.2,-1.5,0.5,-3.1,-5.8,-4.1,2013-02-13T08:17,2013-02-13T18:11,35655.67,4992.37,1.20,0.00,6.0,22.2,153
2013-02-14,61,9.8,2.5,6.4,6.0,-3.0,2.4,2013-02-14T08:15,2013-02-14T18:13,35879.36,27909.25,7.10,7.10,7.0,25.0,232
2013-02-15,2,8.8,0.2,4.4,5.0,-3.7,1.0,2013-02-15T08:13,2013-02-15T18:15,36103.44,30016.89,0.00,0.00,0.0,13.5,287
2013-02-16,3,9.2,2.2,4.9,6.7,-0.4,2.4,2013-02-16T08:11,2013-02-16T18:17,36327.69,28892.18,0.00,0.00,0.0,6.9,211
2013-02-17,3,7.8,-1.0,3.4,4.2,-4.7,-0.0,2013-02-17T08:09,2013-02-17T18:19,36551.93,31802.79,0.00,0.00,0.0,15.4,117
2013-02-18,1,7.6,-0.3,3.3,4.0,-4.2,-0.3,2013-02-18T08:07,2013-02-18T18:21,36775.96,32303.50,0.00,0.00,0.0,14.7,106
2013-02-19,3,5.5,-1.8,0.8,3.3,-4.6,-2.1,2013-02-19T08:06,2013-02-19T18:22,36999.90,19469.20,0.00,0.00,0.0,9.8,34
2013-02-20,3,3.5,-0.9,1.9,-0.1,-4.9,-2.6,2013-02-20T08:04,2013-02-20T18:24,37225.68,20115.66,0.00,0.00,0.0,21.4,79
2013-02-21,3,1.9,-0.6,0.7,-3.9,-5.9,-4.8,2013-02-21T08:02,2013-02-21T18:26,37453.52,5746.32,0.00,0.00,0.0,21.9,77
2013-02-22,3,2.4,-1.9,0.2,-3.9,-6.8,-5.2,2013-02-22T08:00,2013-02-22T18:28,37683.20,24658.68,0.00,0.00,0.0,24.3,50
2013-02-23,71,2.6,-1.5,0.2,-3.0,-6.2,-4.9,2013-02-23T07:57,2013-02-23T18:30,37914.54,10869.99,0.00,0.00,0.0,21.4,30
2013-02-24,71,3.3,-1.9,0.3,-3.0,-6.6,-5.0,2013-02-24T07:55,2013-02-24T18:31,38147.34,28361.94,0.20,0.10,2.0,24.9,7
2013-02-25,3,4.7,-0.3,2.4,-0.4,-5.3,-2.5,2013-02-25T07:53,2013-02-25T18:33,38381.41,2734.61,0.00,0.00,0.0,21.3,10
2013-02-26,3,4.9,2.1,3.5,0.8,-3.0,-0.9,2013-02-26T07:51,2013-02-26T18:35,38616.56,0.00,0.00,0.00,0.0,21.6,37
2013-02-27,3,4.5,1.8,3.0,-0.5,-2.8,-1.6,2013-02-27T07:49,2013-02-27T18:37,38852.61,3804.37,0.00,0.00,0.0,19.5,36
2013-02-28,53,7.4,1.0,3.5,2.7,-3.3,-0.9,2013-02-28T07:47,2013-02-28T18:38,39089.39,20924.39,0.90,0.90,3.0,20.1,39
2013-03-01,3,6.5,1.7,3.9,1.6,-2.8,-0.3,2013-03-01T07:45,2013-03-01T18:40,39326.73,19487.25,0.00,0.00,0.0,19.2,37
2013-03-02,3,5.3,-0.9,2.2,1.9,-4.5,-1.2,2013-03-02T07:42,2013-03-02T18:42,39564.44,32244.68,0.00,0.00,0.0,12.7,30
2013-03-03,3,6.6,-2.0,2.6,2.6,-5.4,-0.9,2013-03-03T07:40,2013-03-03T18:44,39802.36,26974.07,0.00,0.00,0.0,15.6,88
2013-03-04,2,8.2,-0.3,3.6,4.3,-4.3,-0.2,2013-03-04T07:38,2013-03-04T18:46,40040.34,35487.35,0.00,0.00,0.0,15.5,93
2013-03-05,2,13.2,-0.4,5.8,11.4,-3.9,3.1,2013-03-05T07:36,2013-03-05T18:47,40278.19,35715.99,0.00,0.00,0.0,10.4,131
2013-03-06,51,10.9,4.1,7.3,8.6,1.1,4.6,2013-03-06T07:34,2013-03-06T18:49,40515.77,11035.64,0.40,0.40,2.0,13.7,84
2013-03-07,51,9.7,6.7,8.0,7.3,4.2,5.7,2013-03-07T07:31,2013-03-07T18:51,40752.91,0.00,3.60,3.60,16.0,13.1,85
2013-03-08,53,10.2,7.1,8.5,9.0,5.0,6.8,2013-03-08T07:29,2013-03-08T18:52,40989.45,0.00,6.70,6.70,16.0,13.6,66
2013-03-09,51,7.8,2.5,6.0,6.5,-1.0,3.6,2013-03-09T07:27,2013-03-09T18:54,41225.24,0.00,0.50,0.50,3.0,12.1,356
2013-03-10,71,4.2,-0.1,2.0,-1.4,-5.7,-2.9,2013-03-10T07:25,2013-03-10T18:56,41460.12,11211.32,0.10,0.10,1.0,25.5,40
2013-03-11,71,1.5,-1.9,-0.2,-6.0,-9.4,-7.4,2013-03-11T07:23,2013-03-11T18:58,41694.19,6349.00,0.00,0.00,0.0,36.8,48
2013-03-12,3,2.8,-2.0,0.0,-3.5,-9.8,-6.8,2013-03-12T07:20,2013-03-12T18:59,41929.21,28566.93,0.00,0.00,0.0,32.4,31
2013-03-13,71,6.0,-1.5,1.9,0.9,-6.2,-2.7,2013-03-13T07:18,2013-03-13T19:01,42165.41,37676.00,0.10,0.10,1.0,18.6,341
2013-03-14,51,5.9,-3.6,0.9,1.7,-7.8,-3.1,2013-03-14T07:16,2013-03-14T19:03,42402.65,34755.97,0.30,0.30,2.0,12.2,313
2013-03-15,73,7.8,-0.3,4.2,3.0,-4.7,-0.8,2013-03-15T07:14,2013-03-15T19:04,42640.76,9974.63,5.70,5.00,15.0,30.8,209
2013-03-16,55,7.1,4.9,6.0,2.6,-0.5,0.6,2013-03-16T07:11,2013-03-16T19:06,42879.62,13733.50,8.90,8.90,17.0,33.5,187
2013-03-17,55,7.0,2.0,4.7,4.6,-1.4,1.2,2013-03-17T07:09,2013-03-17T19:08,43119.07,6011.70,8.40,8.40,14.0,23.7,197
2013-03-18,61,8.4,-1.6,3.1,6.6,-5.0,0.5,2013-03-18T07:07,2013-03-18T19:10,43358.98,30486.22,4.40,4.40,8.0,8.4,114
2013-03-19,53,7.7,-0.2,3.3,5.2,-3.2,0.5,2013-03-19T07:04,2013-03-19T19:11,43599.21,29438.16,2.20,2.20,6.0,9.4,100
2013-03-20,51,6.9,-0.2,3.1,3.7,-4.0,-0.3,2013-03-20T07:02,2013-03-20T19:13,43839.60,33910.21,1.90,1.90,9.0,14.6,33
2013-03-21,51,6.2,-0.8,3.1,1.5,-4.7,-1.3,2013-03-21T07:00,2013-03-21T19:15,44080.03,17177.39,0.10,0.10,1.0,22.5,104
2013-03-22,73,5.3,1.5,3.2,-0.8,-4.1,-2.7,2013-03-22T06:58,2013-03-22T19:16,44320.36,7360.04,7.00,5.70,17.0,29.9,91
2013-03-23,73,2.4,0.7,1.5,-3.2,-4.8,-3.8,2013-03-23T06:55,2013-03-23T19:18,44560.43,0.00,6.90,3.00,17.0,27.0,75
2013-03-24,71,0.9,-0.8,0.0,-4.2,-6.4,-5.5,2013-03-24T06:53,2013-03-24T19:20,44800.11,0.00,0.00,0.00,0.0,27.1,59
2013-03-25,3,1.3,-0.5,0.3,-4.8,-6.2,-5.5,2013-03-25T06:51,2013-03-25T19:21,45039.26,833.11,0.00,0.00,0.0,26.8,54
2013-03-26,71,1.4,-0.8,0.3,-4.3,-6.2,-5.2,2013-03-26T06:48,2013-03-26T19:23,45277.72,7161.64,0.00,0.00,0.0,22.6,51
2013-03-27,51,3.2,-1.8,0.8,-2.2,-6.7,-4.1,2013-03-27T06:46,2013-03-27T19:25,45515.36,39377.03,0.10,0.10,1.0,19.1,50
2013-03-28,51,4.0,-2.0,1.0,-1.4,-6.5,-3.8,2013-03-28T06:44,2013-03-28T19:26,45752.03,36434.91,0.10,0.10,1.0,20.8,33
2013-03-29,3,3.9,-4.1,0.1,-1.2,-8.3,-4.5,2013-03-29T06:42,2013-03-29T19:28,45987.57,22493.60,0.00,0.00,0.0,19.0,49
2013-03-30,51,5.4,-2.4,1.2,0.2,-6.9,-3.4,2013-03-30T06:39,2013-03-30T19:30,46221.84,39307.41,0.30,0.30,3.0,19.1,39
2013-03-31,3,4.7,-4.3,0.5,-0.1,-8.4,-4.0,2013-03-31T06:37,2013-03-31T19:31,46454.91,24604.86,0.00,0.00,0.0,16.5,64
2013-04-01,3,4.2,-0.3,1.7,-2.5,-5.4,-3.8,2013-04-01T06:35,2013-04-01T19:33,46688.46,24612.53,0.00,0.00,0.0,27.8,70
2013-04-02,1,6.6,-0.7,2.5,1.0,-5.9,-2.9,2013-04-02T06:33,2013-04-02T19:35,46922.69,42856.43,0.00,0.00,0.0,23.7,50
2013-04-03,3,4.2,-1.0,1.7,-2.7,-6.1,-4.3,2013-04-03T06:30,2013-04-03T19:36,47157.47,35983.73,0.00,0.00,0.0,30.0,42
2013-04-04,71,3.7,-0.1,1.8,-2.6,-5.2,-4.1,2013-04-04T06:28,2013-04-04T19:38,47392.65,41162.59,1.80,1.10,8.0,29.8,38
2013-04-05,51,6.3,0.8,3.2,-0.2,-5.0,-2.7,2013-04-05T06:26,2013-04-05T19:40,47628.11,32275.91,0.60,0.60,5.0,30.6,29
2013-04-06,3,7.7,-0.1,3.4,3.6,-4.3,-0.8,2013-04-06T06:24,2013-04-06T19:41,47863.71,38769.38,0.00,0.00,0.0,19.0,28
2013-04-07,3,8.7,-2.1,3.2,5.1,-6.1,-0.5,2013-04-07T06:21,2013-04-07T19:43,48099.30,35129.75,0.00,0.00,0.0,13.8,144
2013-04-08,3,8.6,2.0,4.9,4.1,-2.3,0.3,2013-04-08T06:19,2013-04-08T19:45,48334.75,31919.85,0.00,0.00,0.0,18.4,80
2013-04-09,53,7.7,1.5,4.7,4.0,-2.7,0.9,2013-04-09T06:17,2013-04-09T19:47,48569.90,861.16,2.00,2.00,7.0,18.9,75
2013-04-10,61,11.1,1.9,6.0,7.6,-1.2,2.8,2013-04-10T06:15,2013-04-10T19:48,48804.61,25179.97,3.00,3.00,4.0,19.7,102
2013-04-11,61,10.4,5.2,7.1,8.4,1.6,4.2,2013-04-11T06:12,2013-04-11T19:50,49038.72,9207.28,5.60,5.60,10.0,21.3,90
2013-04-12,61,11.1,6.2,8.4,7.9,2.9,5.1,2013-04-12T06:10,2013-04-12T19:52,49272.08,21380.79,7.20,7.20,14.0,21.1,227
2013-04-13,61,11.9,2.7,8.1,7.2,-0.5,4.3,2013-04-13T06:08,2013-04-13T19:53,49504.53,19919.08,5.50,5.50,7.0,29.2,196
2013-04-14,53,17.9,10.1,13.4,14.4,5.7,9.6,2013-04-14T06:06,2013-04-14T19:55,49735.92,42911.97,0.50,0.50,1.0,28.7,202
2013-04-15,3,14.2,8.2,11.5,10.1,5.1,7.8,2013-04-15T06:04,2013-04-15T19:57,49966.07,32318.80,0.00,0.00,0.0,27.1,218
2013-04-16,3,14.4,7.9,11.3,9.9,4.3,7.0,2013-04-16T06:01,2013-04-16T19:58,50194.81,36726.85,0.00,0.00,0.0,30.0,219
2013-04-17,3,15.6,7.5,11.7,11.8,4.9,8.2,2013-04-17T05:59,2013-04-17T20:00,50421.96,18523.50,0.00,0.00,0.0,30.0,199
2013-04-18,51,12.7,6.9,10.0,6.6,1.7,4.1,2013-04-18T05:57,2013-04-18T20:02,50647.36,46648.28,1.10,1.10,6.0,41.4,236
2013-04-19,53,12.2,5.4,8.4,9.4,0.9,4.8,2013-04-19T05:55,2013-04-19T20:03,50870.81,39811.86,1.90,1.90,7.0,22.9,302
2013-04-20,2,10.8,0.2,5.8,8.9,-3.0,3.0,2013-04-20T05:53,2013-04-20T20:05,51092.37,47070.95,0.00,0.00,0.0,11.9,80
2013-04-21,3,12.6,1.0,7.0,10.8,-1.7,4.0,2013-04-21T05:51,2013-04-21T20:07,51313.65,47280.41,0.00,0.00,0.0,16.6,228
2013-04-22,3,13.1,5.0,9.3,9.2,2.2,6.0,2013-04-22T05:49,2013-04-22T20:08,51534.86,26033.43,0.00,0.00,0.0,21.6,229
2013-04-23,3,18.5,9.8,13.1,16.6,6.5,11.2,2013-04-23T05:47,2013-04-23T20:10,51755.84,44754.04,0.00,0.00,0.0,18.6,253
2013-04-24,51,16.9,6.4,12.5,14.8,4.1,10.6,2013-04-24T05:45,2013-04-24T20:11,51976.44,31058.66,0.30,0.30,2.0,19.8,247
2013-04-25,51,19.1,9.4,14.2,17.8,8.1,12.8,2013-04-25T05:43,2013-04-25T20:13,52196.50,45600.24,0.10,0.10,1.0,18.8,227
2013-04-26,55,11.4,5.2,8.8,9.8,1.3,5.6,2013-04-26T05:41,2013-04-26T20:15,52415.86,33956.55,8.10,8.10,18.0,18.3,328
2013-04-27,53,10.2,2.2,6.0,7.3,-1.2,2.3,2013-04-27T05:39,2013-04-27T20:16,52634.34,45882.47,1.90,1.90,8.0,18.9,4
2013-04-28,3,10.8,0.2,6.1,6.6,-2.8,2.3,2013-04-28T05:37,2013-04-28T20:18,52851.76,35832.46,0.00,0.00,0.0,22.2,235
2013-04-29,51,12.3,6.3,9.2,8.1,2.9,5.3,2013-04-29T05:35,2013-04-29T20:20,53067.96,44607.69,0.80,0.80,4.0,21.7,268
2013-04-30,3,12.9,2.3,7.8,9.0,-1.2,4.4,2013-04-30T05:33,2013-04-30T20:21,53282.74,49126.19,0.00,0.00,0.0,16.9,31
2013-05-01,0,13.9,2.5,8.4,11.8,-0.9,5.6,2013-05-01T05:31,2013-05-01T20:23,53495.93,49324.04,0.00,0.00,0.0,14.1,41
2013-05-02,0,14.8,2.7,9.0,12.6,-1.1,6.0,2013-05-02T05:29,2013-05-02T20:25,53707.31,49519.82,0.00,0.00,0.0,14.7,44
2013-05-03,1,17.5,2.4,11.0,15.7,-0.3,8.6,2013-05-03T05:28,2013-05-03T20:26,53916.69,49713.38,0.00,0.00,0.0,16.8,260
2013-05-04,51,14.5,7.2,10.9,11.1,3.9,7.2,2013-05-04T05:26,2013-05-04T20:28,54123.86,31780.88,0.60,0.60,4.0,25.8,240
2013-05-05,3,16.7,5.1,11.4,15.5,2.8,9.6,2013-05-05T05:24,2013-05-05T20:30,54328.61,27626.21,0.00,0.00,0.0,11.7,247
2013-05-06,3,18.4,7.2,13.2,17.7,5.7,12.1,2013-05-06T05:22,2013-05-06T20:31,54530.71,49608.75,0.00,0.00,0.0,7.6,192
2013-05-07,1,19.5,6.2,13.8,19.4,4.4,12.4,2013-05-07T05:21,2013-05-07T20:33,54729.95,50285.06,0.00,0.00,0.0,11.6,125
2013-05-08,61,16.6,9.6,12.8,13.6,6.9,10.1,2013-05-08T05:19,2013-05-08T20:34,54926.09,27440.03,3.80,3.80,6.0,25.2,204
2013-05-09,51,13.6,6.8,10.5,8.3,3.1,5.4,2013-05-09T05:17,2013-05-09T20:36,55118.89,43200.00,1.00,1.00,5.0,41.6,213
2013-05-10,51,16.0,9.1,12.3,11.6,4.5,8.0,2013-05-10T05:16,2013-05-10T20:37,55308.35,50304.31,0.50,0.50,4.0,30.9,240
2013-05-11,61,13.9,7.2,10.4,9.1,3.6,6.2,2013-05-11T05:14,2013-05-11T20:39,55495.96,44106.45,6.00,6.00,13.0,30.7,246
2013-05-12,51,12.9,5.7,9.5,8.3,1.2,5.5,2013-05-12T05:12,2013-05-12T20:41,55681.86,22021.62,0.60,0.60,3.0,23.6,257
2013-05-13,51,12.6,8.0,11.0,8.1,3.8,6.4,2013-05-13T05:11,2013-05-13T20:42,55865.90,43309.52,0.10,0.10,1.0,30.4,253
2013-05-14,61,10.8,6.1,8.6,7.0,2.4,4.7,2013-05-14T05:09,2013-05-14T20:44,56047.89,17891.56,10.40,10.40,15.0,28.7,199
2013-05-15,53,13.1,6.7,9.0,9.9,0.9,4.5,2013-05-15T05:08,2013-05-15T20:45,56227.64,33329.37,1.50,1.50,7.0,33.7,218
2013-05-16,51,14.1,4.2,9.4,12.5,2.4,7.5,2013-05-16T05:06,2013-05-16T20:47,56404.96,50441.02,1.30,1.30,8.0,10.5,152
2013-05-17,51,12.1,4.7,9.0,8.6,2.1,6.2,2013-05-17T05:05,2013-05-17T20:48,56579.66,15195.55,0.10,0.10,1.0,17.6,37
2013-05-18,3,14.1,6.8,10.9,12.6,4.6,8.5,2013-05-18T05:04,2013-05-18T20:50,56751.53,5229.02,0.00,0.00,0.0,15.5,296
2013-05-19,51,17.0,7.1,12.7,14.6,5.2,11.0,2013-05-19T05:02,2013-05-19T20:51,56920.37,24234.75,0.10,0.10,1.0,13.1,26
2013-05-20,53,16.6,10.2,13.3,14.9,7.9,11.4,2013-05-20T05:01,2013-05-20T20:52,57085.97,0.00,3.10,3.10,8.0,21.8,342
2013-05-21,3,15.1,10.9,12.9,13.8,8.3,10.6,2013-05-21T05:00,2013-05-21T20:54,57248.11,990.07,0.00,0.00,0.0,19.4,352
2013-05-22,3,13.8,8.9,11.3,10.5,4.2,8.4,2013-05-22T04:58,2013-05-22T20:55,57406.57,10540.53,0.00,0.00,0.0,19.4,318
2013-05-23,55,10.6,5.8,8.1,6.9,1.2,3.8,2013-05-23T04:57,2013-05-23T20:57,57561.13,48970.02,2.70,2.70,8.0,22.6,319
2013-05-24,61,10.4,5.1,7.0,7.2,0.9,2.7,2013-05-24T04:56,2013-05-24T20:58,57711.56,26393.70,7.50,7.50,13.0,26.5,321
2013-05-25,3,14.1,5.2,9.5,10.7,1.5,5.9,2013-05-25T04:55,2013-05-25T20:59,57857.63,43199.64,0.00,0.00,0.0,19.4,360
2013-05-26,2,17.2,5.1,11.4,15.4,1.6,8.7,2013-05-26T04:54,2013-05-26T21:01,57999.10,51320.17,0.00,0.00,0.0,14.2,299
2013-05-27,2,15.4,4.4,11.0,11.8,1.3,7.7,2013-05-27T04:53,2013-05-27T21:02,58135.73,52756.68,0.00,0.00,0.0,24.0,207
2013-05-28,61,11.9,9.2,10.7,10.3,7.7,9.1,2013-05-28T04:52,2013-05-28T21:03,58267.27,0.00,11.60,11.60,15.0,11.7,139
2013-05-29,51,13.4,7.1,10.7,11.0,5.5,8.6,2013-05-29T04:51,2013-05-29T21:04,58393.51,11516.27,0.50,0.50,4.0,19.2,329
2013-05-30,53,15.4,10.7,12.4,13.6,8.6,10.4,2013-05-30T04:50,2013-05-30T21:05,58514.32,26462.83,2.80,2.80,8.0,16.6,352
2013-05-31,3,18.9,10.4,14.5,17.1,8.3,12.5,2013-05-31T04:49,2013-05-31T21:06,58630.74,18887.73,0.00,0.00,0.0,19.5,345
2013-06-01,3,15.4,9.1,12.8,13.1,5.8,10.1,2013-06-01T04:48,2013-06-01T21:08,58742.84,51066.80,0.00,0.00,0.0,17.8,338
2013-06-02,3,16.8,7.7,12.7,13.7,5.3,10.3,2013-06-02T04:48,2013-06-02T21:09,58850.50,52819.27,0.00,0.00,0.0,13.8,352
2013-06-03,2,16.8,5.6,11.9,14.1,3.5,9.4,2013-06-03T04:47,2013-06-03T21:10,58953.61,53571.40,0.00,0.00,0.0,17.4,51
2013-06-04,1,17.5,5.8,12.0,15.0,2.5,8.9,2013-06-04T04:46,2013-06-04T21:11,59052.01,54332.86,0.00,0.00,0.0,22.2,40
2013-06-05,1,18.1,7.1,12.6,17.4,4.2,10.5,2013-06-05T04:46,2013-06-05T21:12,59145.59,54068.27,0.00,0.00,0.0,14.8,50
2013-06-06,2,19.4,7.1,13.3,18.3,4.1,10.9,2013-06-06T04:45,2013-06-06T21:12,59234.22,54491.79,0.00,0.00,0.0,18.4,52
2013-06-07,51,19.7,8.8,14.0,18.1,5.7,11.2,2013-06-07T04:45,2013-06-07T21:13,59317.77,54137.46,0.50,0.50,3.0,21.4,48
2013-06-08,3,16.9,8.1,12.4,14.3,4.7,8.9,2013-06-08T04:44,2013-06-08T21:14,59396.11,51847.65,0.00,0.00,0.0,22.7,41
2013-06-09,3,16.5,9.9,12.5,13.3,6.2,9.1,2013-06-09T04:44,2013-06-09T21:15,59469.12,31811.18,0.00,0.00,0.0,21.1,42
2013-06-10,3,15.1,9.9,12.3,13.4,8.3,10.5,2013-06-10T04:43,2013-06-10T21:16,59536.69,12755.37,0.00,0.00,0.0,9.7,90
2013-06-11,51,17.6,8.2,13.2,15.1,6.2,11.3,2013-06-11T04:43,2013-06-11T21:17,59598.68,9181.47,0.40,0.40,3.0,21.2,173
2013-06-12,51,17.1,13.4,15.2,13.8,11.2,12.5,2013-06-12T04:43,2013-06-12T21:17,59654.96,3603.73,1.00,1.00,5.0,29.3,206
2013-06-13,51,17.9,12.4,14.6,12.8,8.6,10.5,2013-06-13T04:43,2013-06-13T21:18,59705.46,23066.64,0.30,0.30,2.0,36.0,233
2013-06-14,53,17.3,8.5,13.4,14.7,5.8,10.5,2013-06-14T04:43,2013-06-14T21:18,59750.03,33367.45,0.80,0.80,2.0,20.8,206
2013-06-15,55,16.1,10.9,13.8,11.4,7.7,9.7,2013-06-15T04:42,2013-06-15T21:19,59788.58,52755.29,2.60,2.60,8.0,32.8,228
2013-06-16,51,15.7,11.2,13.5,14.7,7.7,11.1,2013-06-16T04:42,2013-06-16T21:19,59821.00,7729.99,0.40,0.40,3.0,20.7,219
2013-06-17,51,18.6,10.6,14.9,15.8,8.4,12.3,2013-06-17T04:42,2013-06-17T21:20,59847.20,22889.04,0.60,0.60,4.0,21.7,66
2013-06-18,53,21.8,13.1,17.2,23.0,10.8,17.1,2013-06-18T04:42,2013-06-18T21:20,59867.05,24420.29,2.50,2.50,5.0,18.7,103
2013-06-19,53,24.1,13.2,18.9,25.4,13.3,19.6,2013-06-19T04:43,2013-06-19T21:21,59880.53,35408.27,1.00,1.00,2.0,14.4,354
2013-06-20,51,20.1,14.1,17.2,21.2,13.4,17.2,2013-06-20T04:43,2013-06-20T21:21,59887.65,19159.63,0.90,0.90,3.0,15.7,108
2013-06-21,51,20.7,13.1,16.6,20.1,12.0,15.6,2013-06-21T04:43,2013-06-21T21:21,59888.49,26112.01,0.50,0.50,4.0,16.6,234
2013-06-22,51,17.5,11.9,14.3,12.9,8.0,10.6,2013-06-22T04:43,2013-06-22T21:21,59883.11,19397.07,1.10,1.10,5.0,34.1,220
2013-06-23,53,17.2,12.4,14.7,13.4,9.0,11.0,2013-06-23T04:43,2013-06-23T21:21,59871.57,51509.31,1.40,1.40,5.0,30.3,264
2013-06-24,3,15.2,9.9,12.8,13.5,6.1,9.6,2013-06-24T04:44,2013-06-24T21:21,59853.93,16465.67,0.00,0.00,0.0,24.1,297
2013-06-25,3,17.7,8.3,14.1,15.5,6.2,12.3,2013-06-25T04:44,2013-06-25T21:21,59830.29,29812.33,0.00,0.00,0.0,9.9,328
2013-06-26,3,20.0,11.8,15.9,17.7,10.6,14.5,2013-06-26T04:45,2013-06-26T21:21,59800.70,43681.17,0.00,0.00,0.0,12.8,305
2013-06-27,53,18.7,11.8,14.4,15.9,10.4,12.9,2013-06-27T04:45,2013-06-27T21:21,59765.25,25792.94,3.00,3.00,7.0,14.7,304
2013-06-28,53,19.1,12.8,15.4,18.5,11.7,14.5,2013-06-28T04:46,2013-06-28T21:21,59724.01,0.00,2.80,2.80,7.0,18.6,282
2013-06-29,3,18.8,11.8,15.8,18.3,8.4,13.8,2013-06-29T04:46,2013-06-29T21:21,59677.10,41395.76,0.00,0.00,0.0,19.9,314
2013-06-30,1,23.4,13.2,18.4,22.7,12.5,17.4,2013-06-30T04:47,2013-06-30T21:21,59624.58,51381.79,0.00,0.00,0.0,21.0,253
2013-07-01,3,21.0,12.1,16.2,18.6,10.5,14.2,2013-07-01T04:48,2013-07-01T21:20,59566.56,44217.00,0.00,0.00,0.0,19.5,263
2013-07-02,53,17.4,10.6,14.4,14.9,9.6,12.7,2013-07-02T04:48,2013-07-02T21:20,59503.13,12540.80,1.60,1.60,4.0,20.6,200
2013-07-03,53,18.6,13.6,16.3,17.3,11.3,15.0,2013-07-03T04:49,2013-07-03T21:20,59434.39,4285.73,1.50,1.50,6.0,19.3,255
2013-07-04,3,21.5,11.6,17.1,20.1,10.0,15.6,2013-07-04T04:50,2013-07-04T21:19,59360.46,22879.34,0.00,0.00,0.0,20.7,244
2013-07-05,3,23.5,12.1,18.2,23.5,11.6,18.0,2013-07-05T04:51,2013-07-05T21:19,59281.42,53016.36,0.00,0.00,0.0,10.4,81
2013-07-06,1,25.0,11.2,18.8,26.6,10.4,19.2,2013-07-06T04:52,2013-07-06T21:18,59197.41,54084.93,0.00,0.00,0.0,7.8,118
2013-07-07,0,26.2,13.4,20.4,26.7,13.4,20.9,2013-07-07T04:53,2013-07-07T21:18,59108.49,53723.65,0.00,0.00,0.0,13.0,61
2013-07-08,0,24.0,13.4,18.8,23.5,12.2,17.7,2013-07-08T04:53,2013-07-08T21:17,59014.82,54040.49,0.00,0.00,0.0,19.0,46
2013-07-09,0,23.8,12.1,18.0,22.6,10.3,16.5,2013-07-09T04:54,2013-07-09T21:16,58916.32,53876.43,0.00,0.00,0.0,15.5,42
2013-07-10,2,22.7,11.9,17.2,21.5,10.1,15.3,2013-07-10T04:55,2013-07-10T21:16,58812.11,53814.39,0.00,0.00,0.0,20.8,35
2013-07-11,3,20.0,11.8,15.2,18.9,8.9,13.1,2013-07-11T04:56,2013-07-11T21:15,58702.22,47348.62,0.00,0.00,0.0,14.9,40
2013-07-12,3,23.4,10.9,17.0,23.9,9.2,16.5,2013-07-12T04:58,2013-07-12T21:14,58586.86,49007.70,0.00,0.00,0.0,11.2,50
2013-07-13,51,28.0,14.5,21.6,29.1,14.7,22.7,2013-07-13T04:59,2013-07-13T21:13,58466.25,52472.43,0.10,0.10,1.0,10.4,355
2013-07-14,3,27.1,16.3,22.1,28.1,17.4,23.0,2013-07-14T05:00,2013-07-14T21:12,58340.64,49323.62,0.00,0.00,0.0,14.0,306
2013-07-15,2,26.9,15.6,21.8,27.2,14.3,21.4,2013-07-15T05:01,2013-07-15T21:11,58210.25,51404.55,0.00,0.00,0.0,10.8,349
2013-07-16,1,28.5,17.2,22.7,30.1,18.1,23.7,2013-07-16T05:02,2013-07-16T21:10,58075.31,40594.36,0.00,0.00,0.0,9.6,191
2013-07-17,1,28.1,17.0,22.9,30.1,17.6,23.7,2013-07-17T05:04,2013-07-17T21:09,57936.02,51757.80,0.00,0.00,0.0,10.7,134
2013-07-18,1,26.5,15.9,21.1,26.7,16.1,20.9,2013-07-18T05:05,2013-07-18T21:08,57792.62,52505.62,0.00,0.00,0.0,17.6,51
2013-07-19,0,25.5,14.5,20.2,25.1,13.1,19.2,2013-07-19T05:06,2013-07-19T21:07,57645.32,52386.38,0.00,0.00,0.0,19.1,62
2013-07-20,3,22.6,15.3,18.8,21.0,14.6,17.6,2013-07-20T05:07,2013-07-20T21:06,57494.33,37132.84,0.00,0.00,0.0,20.2,57
2013-07-21,3,25.9,16.2,20.2,27.2,14.8,19.9,2013-07-21T05:09,2013-07-21T21:04,57339.86,35974.42,0.00,0.00,0.0,17.6,67
2013-07-22,1,30.4,16.5,23.7,33.0,16.9,24.9,2013-07-22T05:10,2013-07-22T21:03,57182.11,51110.75,0.00,0.00,0.0,13.7,132
2013-07-23,63,27.9,18.9,23.0,30.0,19.9,24.7,2013-07-23T05:11,2013-07-23T21:02,57021.28,45776.57,5.70,5.70,8.0,15.3,173
2013-07-24,3,25.5,15.7,20.4,25.0,14.9,19.9,2013-07-24T05:13,2013-07-24T21:00,56857.57,49427.31,0.00,0.00,0.0,16.3,226
2013-07-25,51,24.4,15.4,19.7,23.7,15.4,19.4,2013-07-25T05:14,2013-07-25T20:59,56691.18,48922.33,1.20,1.20,5.0,19.1,201
2013-07-26,3,24.8,13.6,19.5,24.2,14.0,19.6,2013-07-26T05:16,2013-07-26T20:58,56522.28,50275.60,0.00,0.00,0.0,9.5,202
2013-07-27,63,25.8,14.3,19.9,27.1,14.9,20.8,2013-07-27T05:17,2013-07-27T20:56,56351.06,34618.41,16.60,16.60,8.0,14.2,111
2013-07-28,65,21.8,14.9,18.7,19.3,12.8,16.8,2013-07-28T05:19,2013-07-28T20:55,56177.71,50618.94,11.50,11.50,5.0,24.2,211
2013-07-29,61,20.9,16.0,17.9,20.2,14.5,16.2,2013-07-29T05:20,2013-07-29T20:53,56002.16,46984.06,3.50,3.50,3.0,25.4,216
2013-07-30,61,19.2,14.6,16.8,19.0,13.6,16.0,2013-07-30T05:21,2013-07-30T20:52,55822.98,5818.21,4.10,4.10,6.0,21.2,221
2013-07-31,53,22.1,15.5,18.5,21.3,14.7,17.8,2013-07-31T05:23,2013-07-31T20:50,55640.08,25640.49,1.60,1.60,4.0,24.9,220
2013-08-01,1,29.7,15.1,22.7,30.5,15.3,23.4,2013-08-01T05:24,2013-08-01T20:48,55453.73,50547.08,0.00,0.00,0.0,20.5,163
2013-08-02,61,23.0,15.2,19.6,22.6,14.5,18.9,2013-08-02T05:26,2013-08-02T20:47,55264.15,47025.51,3.40,3.40,3.0,19.3,211
2013-08-03,51,21.6,14.9,18.1,18.7,13.0,16.1,2013-08-03T05:27,2013-08-03T20:45,55071.59,50192.68,0.20,0.20,2.0,22.4,220
2013-08-04,51,21.5,13.8,17.9,19.4,12.9,16.3,2013-08-04T05:29,2013-08-04T20:43,54876.26,39587.44,0.10,0.10,1.0,23.7,204
2013-08-05,53,21.4,16.1,18.2,21.0,15.0,17.3,2013-08-05T05:30,2013-08-05T20:42,54678.39,30991.85,4.50,4.50,13.0,20.9,186
2013-08-06,3,20.6,11.4,16.8,19.8,10.1,15.8,2013-08-06T05:32,2013-08-06T20:40,54478.20,41596.77,0.00,0.00,0.0,15.5,315
2013-08-07,3,21.5,13.4,17.2,19.8,12.5,15.9,2013-08-07T05:34,2013-08-07T20:38,54275.88,42338.67,0.00,0.00,0.0,16.6,48
2013-08-08,2,22.2,9.6,16.6,20.8,8.3,15.5,2013-08-08T05:35,2013-08-08T20:36,54071.66,42332.60,0.00,0.00,0.0,16.0,240
2013-08-09,51,22.0,15.1,18.3,20.7,13.2,16.8,2013-08-09T05:37,2013-08-09T20:34,53865.72,37306.55,1.40,1.40,7.0,17.7,258
2013-08-10,3,19.5,12.6,16.8,17.2,11.0,15.1,2013-08-10T05:38,2013-08-10T20:33,53658.26,17151.38,0.00,0.00,0.0,13.6,283
2013-08-11,51,22.0,15.2,18.1,20.0,13.8,16.4,2013-08-11T05:40,2013-08-11T20:31,53449.47,45931.04,0.50,0.50,3.0,18.8,259
2013-08-12,3,20.0,12.1,16.3,17.6,11.0,14.2,2013-08-12T05:42,2013-08-12T20:29,53239.53,39063.26,0.00,0.00,0.0,19.3,288
2013-08-13,51,19.3,10.6,15.2,16.5,8.6,13.3,2013-08-13T05:43,2013-08-13T20:27,53028.60,31394.26,0.10,0.10,1.0,15.7,289
2013-08-14,3,20.7,10.2,16.4,19.0,9.1,15.4,2013-08-14T05:45,2013-08-14T20:25,52816.87,29270.42,0.00,0.00,0.0,16.3,233
2013-08-15,51,22.8,16.5,19.2,21.3,16.4,18.5,2013-08-15T05:46,2013-08-15T20:23,52604.50,35713.91,0.30,0.30,3.0,24.9,224
2013-08-16,53,21.4,15.4,17.9,22.2,14.0,17.5,2013-08-16T05:48,2013-08-16T20:21,52391.66,15391.98,3.20,3.20,11.0,19.4,219
2013-08-17,53,20.4,12.4,16.6,17.3,11.8,14.7,2013-08-17T05:49,2013-08-17T20:19,52178.50,25866.35,0.80,0.80,2.0,32.6,218
2013-08-18,51,21.8,15.9,18.7,19.5,14.4,17.2,2013-08-18T05:51,2013-08-18T20:17,51964.92,45034.98,0.20,0.20,2.0,25.0,243
2013-08-19,3,20.7,12.3,17.0,18.3,11.0,15.3,2013-08-19T05:53,2013-08-19T20:15,51749.39,30441.65,0.00,0.00,0.0,14.2,292
2013-08-20,2,21.9,12.8,17.6,20.9,12.4,16.9,2013-08-20T05:54,2013-08-20T20:13,51531.73,47088.28,0.00,0.00,0.0,8.5,240
2013-08-21,51,24.1,11.4,18.0,23.7,10.8,17.7,2013-08-21T05:56,2013-08-21T20:11,51312.15,45416.71,0.10,0.10,1.0,11.5,227
2013-08-22,55,22.7,15.8,18.7,23.9,16.8,19.7,2013-08-22T05:57,2013-08-22T20:09,51090.82,31706.00,8.30,8.30,16.0,10.9,129
2013-08-23,3,25.6,15.1,20.0,25.6,14.6,19.9,2013-08-23T05:59,2013-08-23T20:07,50867.93,35270.55,0.00,0.00,0.0,16.6,110
2013-08-24,61,18.6,15.1,17.0,19.4,13.4,17.0,2013-08-24T06:01,2013-08-24T20:04,50643.65,0.00,18.70,18.70,24.0,22.4,320
2013-08-25,61,21.5,13.3,17.1,20.5,11.0,15.9,2013-08-25T06:02,2013-08-25T20:02,50418.14,34131.64,12.40,12.40,14.0,22.3,8
2013-08-26,3,22.6,13.9,18.2,23.1,12.9,17.8,2013-08-26T06:04,2013-08-26T20:00,50191.56,39082.95,0.00,0.00,0.0,18.1,33
2013-08-27,3,21.0,10.8,16.0,20.3,10.0,15.3,2013-08-27T06:05,2013-08-27T19:58,49964.08,37471.58,0.00,0.00,0.0,13.0,11
2013-08-28,3,21.5,10.0,16.1,21.3,8.8,15.7,2013-08-28T06:07,2013-08-28T19:56,49735.86,37708.87,0.00,0.00,0.0,10.1,1
2013-08-29,3,22.0,14.0,17.9,20.5,13.9,17.4,2013-08-29T06:09,2013-08-29T19:53,49507.04,31577.68,0.00,0.00,0.0,14.5,265
2013-08-30,51,22.6,14.1,18.3,20.9,13.8,17.6,2013-08-30T06:10,2013-08-30T19:51,49277.77,26028.31,0.40,0.40,2.0,18.8,250
2013-08-31,2,18.8,13.1,16.2,17.2,10.1,14.1,2013-08-31T06:12,2013-08-31T19:49,49048.20,43427.55,0.00,0.00,0.0,18.3,332
2013-09-01,2,20.0,9.4,14.7,17.3,7.5,12.5,2013-09-01T06:13,2013-09-01T19:47,48818.46,38710.84,0.00,0.00,0.0,15.5,279
2013-09-02,3,22.6,10.5,16.8,21.9,8.5,15.6,2013-09-02T06:15,2013-09-02T19:45,48588.71,41222.96,0.00,0.00,0.0,14.3,285
2013-09-03,51,23.2,13.2,18.4,24.3,13.3,19.3,2013-09-03T06:16,2013-09-03T19:42,48359.07,32517.96,0.10,0.10,1.0,8.9,310
2013-09-04,3,25.0,12.9,18.7,25.7,13.4,19.6,2013-09-04T06:18,2013-09-04T19:40,48129.68,39200.22,0.00,0.00,0.0,10.7,133
2013-09-05,2,26.6,14.5,20.3,29.3,15.1,21.7,2013-09-05T06:20,2013-09-05T19:38,47900.67,43200.72,0.00,0.00,0.0,13.3,351
2013-09-06,61,17.8,12.3,15.4,16.5,10.1,14.6,2013-09-06T06:21,2013-09-06T19:36,47672.17,16004.00,5.00,5.00,10.0,16.5,230
2013-09-07,3,17.5,10.3,13.6,14.3,8.2,11.1,2013-09-07T06:23,2013-09-07T19:33,47444.07,43200.00,0.00,0.00,0.0,19.3,194
2013-09-08,61,16.7,7.6,11.8,14.7,5.9,9.9,2013-09-08T06:24,2013-09-08T19:31,47214.83,37898.99,4.40,4.40,4.0,15.1,212
2013-09-09,61,14.6,8.2,11.6,13.8,6.7,10.3,2013-09-09T06:26,2013-09-09T19:29,46984.26,13275.96,8.30,8.30,12.0,14.6,336
2013-09-10,51,16.1,9.4,12.5,12.1,6.1,9.4,2013-09-10T06:28,2013-09-10T19:27,46752.51,16604.51,0.20,0.20,2.0,23.0,317
2013-09-11,55,16.4,11.3,13.4,14.2,8.1,10.9,2013-09-11T06:29,2013-09-11T19:24,46519.73,12620.66,3.40,3.40,6.0,20.7,323
2013-09-12,3,16.8,11.9,14.1,16.9,11.4,13.7,2013-09-12T06:31,2013-09-12T19:22,46286.06,88.09,0.00,0.00,0.0,12.1,257
2013-09-13,63,17.6,14.8,16.1,18.8,15.0,16.9,2013-09-13T06:32,2013-09-13T19:20,46051.64,0.00,12.70,12.70,13.0,12.4,264
2013-09-14,61,14.0,9.1,11.7,13.1,7.0,9.4,2013-09-14T06:34,2013-09-14T19:17,45816.60,6815.34,4.30,4.30,7.0,19.5,336
2013-09-15,51,15.5,5.6,11.3,13.0,3.0,8.2,2013-09-15T06:36,2013-09-15T19:15,45581.08,12597.37,2.20,2.20,8.0,31.9,234
2013-09-16,51,14.2,8.1,11.1,9.5,4.0,6.7,2013-09-16T06:37,2013-09-16T19:13,45345.21,41461.54,0.20,0.20,1.0,26.4,269
2013-09-17,61,13.8,7.4,10.9,12.6,3.8,8.2,2013-09-17T06:39,2013-09-17T19:10,45109.13,16832.38,5.50,5.50,7.0,19.6,249
2013-09-18,3,14.8,9.6,12.3,12.3,6.6,9.9,2013-09-18T06:40,2013-09-18T19:08,44872.97,28274.23,0.00,0.00,0.0,19.8,306
2013-09-19,53,16.1,7.4,12.0,15.0,4.8,9.5,2013-09-19T06:42,2013-09-19T19:06,44636.86,10997.86,1.30,1.30,3.0,28.5,242
2013-09-20,3,16.8,9.4,13.4,15.6,7.1,11.8,2013-09-20T06:44,2013-09-20T19:03,44400.91,39211.60,0.00,0.00,0.0,14.5,282
2013-09-21,51,17.0,8.6,13.5,17.0,7.1,12.6,2013-09-21T06:45,2013-09-21T19:01,44165.28,154.00,0.10,0.10,1.0,16.1,224
2013-09-22,3,19.0,15.0,16.8,19.8,15.3,17.5,2013-09-22T06:47,2013-09-22T18:59,43930.07,1859.68,0.00,0.00,0.0,11.1,259
2013-09-23,3,19.8,14.2,16.5,20.5,14.6,17.2,2013-09-23T06:48,2013-09-23T18:56,43695.43,19740.28,0.00,0.00,0.0,8.8,157
2013-09-24,3,20.1,10.4,15.0,21.2,9.8,15.2,2013-09-24T06:50,2013-09-24T18:54,43461.48,29318.61,0.00,0.00,0.0,7.7,104
2013-09-25,53,20.0,11.9,15.6,20.4,11.8,15.9,2013-09-25T06:52,2013-09-25T18:52,43228.35,26537.64,1.40,1.40,5.0,8.4,66
2013-09-26,51,17.0,11.9,14.5,15.1,10.3,13.0,2013-09-26T06:53,2013-09-26T18:50,42996.18,29823.32,0.20,0.20,1.0,14.8,63
2013-09-27,2,15.9,9.5,12.6,13.7,7.8,10.5,2013-09-27T06:55,2013-09-27T18:47,42764.83,36603.19,0.00,0.00,0.0,17.6,83
2013-09-28,55,17.8,11.6,14.2,16.0,9.8,12.0,2013-09-28T06:56,2013-09-28T18:45,42532.71,36705.03,1.60,1.60,4.0,21.4,79
2013-09-29,3,16.8,12.2,14.3,14.2,9.8,11.8,2013-09-29T06:58,2013-09-29T18:43,42299.59,36690.22,0.00,0.00,0.0,23.8,69
2013-09-30,51,17.6,11.9,14.9,15.7,10.1,13.2,2013-09-30T07:00,2013-09-30T18:41,42065.64,36563.30,0.20,0.20,1.0,16.3,82
2013-10-01,3,17.2,11.5,14.3,15.2,9.8,12.3,2013-10-01T07:01,2013-10-01T18:38,41831.00,18619.40,0.00,0.00,0.0,19.9,99
2013-10-02,61,18.2,13.6,15.4,18.0,12.2,14.3,2013-10-02T07:03,2013-10-02T18:36,41595.80,6922.43,5.80,5.80,8.0,17.3,132
2013-10-03,55,18.3,13.6,16.1,18.5,12.6,15.4,2013-10-03T07:05,2013-10-03T18:34,41360.20,9057.38,4.70,4.70,7.0,22.2,138
2013-10-04,53,19.5,14.6,17.2,17.5,14.2,16.1,2013-10-04T07:06,2013-10-04T18:31,41124.34,29899.12,2.20,2.20,7.0,28.1,206
2013-10-05,3,18.5,13.1,15.3,17.9,12.6,14.9,2013-10-05T07:08,2013-10-05T18:29,40888.37,22334.73,0.00,0.00,0.0,11.5,294
2013-10-06,1,18.1,9.7,13.8,16.5,8.7,12.9,2013-10-06T07:10,2013-10-06T18:27,40652.43,35860.89,0.00,0.00,0.0,10.2,245
2013-10-07,3,17.9,8.4,13.3,16.9,6.9,12.3,2013-10-07T07:11,2013-10-07T18:25,40416.67,22846.86,0.00,0.00,0.0,11.6,233
2013-10-08,3,18.2,13.2,15.6,17.4,12.9,15.0,2013-10-08T07:13,2013-10-08T18:22,40181.25,12060.49,0.00,0.00,0.0,14.6,250
2013-10-09,3,16.2,8.6,13.6,14.1,3.8,11.3,2013-10-09T07:15,2013-10-09T18:20,39946.31,18211.73,0.00,0.00,0.0,24.7,294
2013-10-10,3,11.9,7.2,9.2,5.7,1.3,3.5,2013-10-10T07:16,2013-10-10T18:18,39712.02,25008.76,0.00,0.00,0.0,34.0,335
2013-10-11,61,13.1,8.3,11.0,9.1,2.5,6.6,2013-10-11T07:18,2013-10-11T18:16,39478.52,16603.14,7.60,7.60,12.0,34.0,14
2013-10-12,53,12.9,8.7,11.3,11.0,6.5,8.7,2013-10-12T07:20,2013-10-12T18:14,39245.97,21837.25,2.80,2.80,8.0,32.2,39
2013-10-13,61,11.6,7.5,9.6,9.2,4.7,6.9,2013-10-13T07:21,2013-10-13T18:11,39014.55,8462.11,10.80,10.80,9.0,23.4,293
2013-10-14,55,12.4,6.7,9.1,9.9,3.7,6.3,2013-10-14T07:23,2013-10-14T18:09,38784.41,26157.83,2.20,2.20,6.0,18.1,243
2013-10-15,3,12.8,6.9,9.5,10.7,4.2,7.1,2013-10-15T07:25,2013-10-15T18:07,38555.73,6514.98,0.00,0.00,0.0,15.2,305
2013-10-16,61,14.3,4.9,9.7,11.5,2.6,6.9,2013-10-16T07:26,2013-10-16T18:05,38328.68,5487.07,5.40,5.40,5.0,24.5,184
2013-10-17,3,16.7,10.0,13.1,14.7,8.1,10.9,2013-10-17T07:28,2013-10-17T18:03,38103.15,29848.05,0.00,0.00,0.0,24.5,249
2013-10-18,51,16.0,8.6,12.5,14.5,7.2,11.0,2013-10-18T07:30,2013-10-18T18:01,37877.34,3357.28,0.10,0.10,1.0,20.3,143
2013-10-19,55,16.5,11.8,13.8,16.1,10.2,12.3,2013-10-19T07:31,2013-10-19T17:59,37651.04,5778.52,3.80,3.80,9.0,19.3,187
2013-10-20,55,15.2,12.2,13.3,12.4,9.5,10.8,2013-10-20T07:33,2013-10-20T17:57,37424.40,4114.13,3.20,3.20,9.0,26.5,204
2013-10-21,61,16.6,12.6,14.8,14.2,10.3,12.2,2013-10-21T07:35,2013-10-21T17:55,37197.62,3526.59,4.00,4.00,9.0,30.2,197
2013-10-22,55,16.8,14.6,15.9,15.0,12.4,13.8,2013-10-22T07:37,2013-10-22T17:53,36970.86,0.00,7.00,7.00,13.0,24.8,184
2013-10-23,53,16.0,9.1,13.9,12.5,6.9,10.6,2013-10-23T07:38,2013-10-23T17:51,36744.32,28110.59,3.60,3.60,9.0,30.8,221
2013-10-24,3,16.3,6.0,11.0,14.6,4.1,9.2,2013-10-24T07:40,2013-10-24T17:49,36518.18,31554.39,0.00,0.00,0.0,17.4,151
2013-10-25,53,17.7,12.6,15.3,15.6,10.4,12.8,2013-10-25T07:42,2013-10-25T17:47,36292.63,16346.56,1.70,1.70,3.0,26.8,184
2013-10-26,53,17.0,13.9,15.0,13.3,10.2,11.7,2013-10-26T07:44,2013-10-26T17:45,36067.87,27438.96,0.60,0.60,2.0,34.7,213
2013-10-27,55,15.5,11.8,13.5,11.1,7.4,9.5,2013-10-27T07:45,2013-10-27T17:43,35844.10,26004.84,5.30,5.30,10.0,36.9,224
2013-10-28,63,15.6,9.4,12.7,10.9,5.0,8.0,2013-10-28T07:47,2013-10-28T17:41,35621.52,25208.40,19.40,19.40,11.0,46.5,229
2013-10-29,1,11.4,6.6,9.0,7.5,3.0,5.0,2013-10-29T07:49,2013-10-29T17:39,35400.36,30940.70,0.00,0.00,0.0,21.9,259
2013-10-30,3,13.8,3.8,8.9,10.0,0.8,5.6,2013-10-30T07:51,2013-10-30T17:37,35180.81,28384.52,0.00,0.00,0.0,23.7,220
2013-10-31,51,13.2,11.6,12.5,11.8,8.5,10.0,2013-10-31T07:52,2013-10-31T17:35,34963.11,3378.21,1.20,1.20,5.0,25.6,218
2013-11-01,51,13.6,10.7,11.9,11.1,8.7,9.8,2013-11-01T07:54,2013-11-01T17:33,34747.49,11145.65,1.90,1.90,9.0,22.7,210
2013-11-02,51,14.5,9.7,11.4,10.7,3.7,8.3,2013-11-02T07:56,2013-11-02T17:31,34534.18,20085.40,0.30,0.30,2.0,35.8,225
2013-11-03,61,11.1,6.8,8.7,5.7,1.5,3.8,2013-11-03T07:58,2013-11-03T17:30,34323.41,28910.32,4.70,4.70,5.0,31.6,246
2013-11-04,63,9.6,4.2,7.3,6.8,0.4,3.4,2013-11-04T07:59,2013-11-04T17:28,34115.45,28307.55,12.10,12.10,9.0,27.5,333
2013-11-05,53,11.4,2.8,7.6,7.5,-0.2,3.9,2013-11-05T08:01,2013-11-05T17:26,33910.54,13795.22,3.70,3.70,8.0,27.2,254
2013-11-06,53,14.1,7.3,10.4,10.3,3.6,7.4,2013-11-06T08:03,2013-11-06T17:25,33708.63,0.00,3.00,3.00,9.0,32.6,232
2013-11-07,51,14.3,7.8,10.4,11.0,5.2,7.9,2013-11-07T08:05,2013-11-07T17:23,33507.80,11422.57,0.50,0.50,3.0,29.2,252
2013-11-08,61,10.9,4.4,7.5,9.1,1.7,4.8,2013-11-08T08:06,2013-11-08T17:21,33307.81,1497.41,4.70,4.70,8.0,18.4,226
2013-11-09,61,7.7,3.5,5.4,6.0,0.1,2.3,2013-11-09T08:08,2013-11-09T17:20,33108.89,1618.40,6.10,6.10,6.0,19.1,243
2013-11-10,53,8.4,1.2,5.2,4.9,-2.0,1.7,2013-11-10T08:10,2013-11-10T17:18,32911.27,28008.89,2.00,2.00,5.0,18.6,303
2013-11-11,53,12.0,1.1,8.5,11.0,-2.3,5.4,2013-11-11T08:12,2013-11-11T17:17,32715.15,0.00,3.60,3.60,12.0,24.1,188
2013-11-12,53,12.1,4.9,10.0,11.2,1.7,7.9,2013-11-12T08:13,2013-11-12T17:15,32520.78,4380.42,1.30,1.30,4.0,16.7,312
2013-11-13,2,9.2,1.1,5.0,6.8,-1.9,2.1,2013-11-13T08:15,2013-11-13T17:14,32328.40,25513.37,0.00,0.00,0.0,16.8,254
2013-11-14,61,9.2,4.8,7.1,3.7,0.1,2.4,2013-11-14T08:17,2013-11-14T17:12,32138.24,27301.36,2.00,2.00,3.0,28.8,297
2013-11-15,1,8.4,2.8,4.8,5.0,-1.9,0.9,2013-11-15T08:19,2013-11-15T17:11,31950.57,27174.03,0.00,0.00,0.0,18.1,345
2013-11-16,3,8.6,-0.2,4.0,6.3,-3.3,1.5,2013-11-16T08:20,2013-11-16T17:10,31765.63,26641.05,0.00,0.00,0.0,7.9,279
2013-11-17,3,8.6,3.0,6.0,7.0,0.4,3.9,2013-11-17T08:22,2013-11-17T17:08,31583.71,0.00,0.00,0.00,0.0,8.0,22
2013-11-18,51,8.9,7.1,7.7,6.6,3.7,5.9,2013-11-18T08:24,2013-11-18T17:07,31405.05,0.00,0.40,0.40,3.0,15.3,284
2013-11-19,2,6.2,-0.2,2.9,2.5,-4.3,-1.6,2013-11-19T08:25,2013-11-19T17:06,31229.94,26316.44,0.00,0.00,0.0,21.4,323
2013-11-20,53,6.2,-2.2,2.3,1.5,-6.7,-2.4,2013-11-20T08:27,2013-11-20T17:05,31058.67,8721.31,5.70,5.70,11.0,25.6,270
2013-11-21,71,6.8,2.7,4.5,1.9,-2.5,-0.6,2013-11-21T08:29,2013-11-21T17:03,30891.53,21782.91,0.90,0.80,3.0,29.3,10
2013-11-22,2,7.3,2.8,4.7,2.4,-1.8,0.0,2013-11-22T08:30,2013-11-22T17:02,30728.80,25430.39,0.00,0.00,0.0,25.5,5
2013-11-23,3,6.4,2.5,4.5,2.5,-1.7,0.6,2013-11-23T08:32,2013-11-23T17:01,30570.79,21805.82,0.00,0.00,0.0,17.3,358
2013-11-24,3,6.2,3.4,4.5,2.3,-0.6,0.6,2013-11-24T08:33,2013-11-24T17:00,30417.82,16285.35,0.00,0.00,0.0,17.8,356
2013-11-25,2,6.3,2.5,4.0,2.2,-1.4,0.0,2013-11-25T08:35,2013-11-25T16:59,30270.18,23815.02,0.00,0.00,0.0,18.1,352
2013-11-26,3,5.7,-0.9,2.4,2.7,-4.8,-1.0,2013-11-26T08:36,2013-11-26T16:58,30127.95,24149.51,0.00,0.00,0.0,13.3,323
2013-11-27,51,8.9,2.5,6.3,7.7,-0.6,4.3,2013-11-27T08:38,2013-11-27T16:58,29989.50,0.00,0.30,0.30,3.0,9.6,304
2013-11-28,3,8.2,6.2,7.2,6.4,4.2,5.4,2013-11-28T08:39,2013-11-28T16:57,29854.67,0.00,0.00,0.00,0.0,7.7,330
2013-11-29,3,9.0,6.1,7.3,5.5,1.1,3.6,2013-11-29T08:41,2013-11-29T16:56,29723.65,5114.58,0.00,0.00,0.0,23.9,285
2013-11-30,3,7.7,1.5,5.2,4.1,-1.6,0.9,2013-11-30T08:42,2013-11-30T16:55,29596.64,22861.35,0.00,0.00,0.0,21.9,332
2013-12-01,3,7.9,-0.2,3.6,5.9,-4.0,0.8,2013-12-01T08:44,2013-12-01T16:55,29473.83,7431.51,0.00,0.00,0.0,10.0,329
2013-12-02,3,8.5,2.5,5.4,6.3,-0.3,3.0,2013-12-02T08:45,2013-12-02T16:54,29355.41,18730.34,0.00,0.00,0.0,9.2,39
2013-12-03,3,5.9,-0.3,3.2,3.7,-3.2,0.5,2013-12-03T08:46,2013-12-03T16:54,29241.59,14482.89,0.00,0.00,0.0,10.8,301
2013-12-04,3,7.9,0.3,4.4,5.0,-3.6,0.9,2013-12-04T08:48,2013-12-04T16:53,29132.57,3939.69,0.00,0.00,0.0,14.7,280
2013-12-05,51,9.7,-0.2,4.4,3.3,-4.5,-1.0,2013-12-05T08:49,2013-12-05T16:53,29028.54,22182.32,0.50,0.50,2.0,39.6,264
2013-12-06,3,6.3,2.4,4.3,2.6,-2.6,-0.0,2013-12-06T08:50,2013-12-06T16:52,28929.71,21418.29,0.00,0.00,0.0,22.2,285
2013-12-07,3,8.3,3.3,5.8,4.6,-0.2,2.5,2013-12-07T08:51,2013-12-07T16:52,28836.29,18218.16,0.00,0.00,0.0,16.5,253
2013-12-08,3,9.8,5.1,7.3,6.2,1.5,3.7,2013-12-08T08:53,2013-12-08T16:52,28748.46,15343.93,0.00,0.00,0.0,21.1,242
2013-12-09,3,8.9,3.7,6.7,6.6,0.4,3.7,2013-12-09T08:54,2013-12-09T16:52,28666.45,5132.69,0.00,0.00,0.0,18.2,227
2013-12-10,2,8.8,0.9,3.9,6.2,-2.4,1.0,2013-12-10T08:55,2013-12-10T16:51,28590.44,20965.20,0.00,0.00,0.0,11.7,182
2013-12-11,3,8.4,-1.1,2.7,6.2,-4.4,-0.4,2013-12-11T08:56,2013-12-11T16:51,28520.63,20400.29,0.00,0.00,0.0,12.4,158
2013-12-12,3,9.5,2.1,5.2,7.2,-1.5,2.0,2013-12-12T08:57,2013-12-12T16:51,28457.24,13882.35,0.00,0.00,0.0,14.0,193
2013-12-13,51,9.6,7.1,8.7,7.1,3.7,5.6,2013-12-13T08:58,2013-12-13T16:51,28400.43,0.00,1.50,1.50,6.0,19.4,204
2013-12-14,51,10.8,2.7,7.3,6.8,-1.1,2.8,2013-12-14T08:59,2013-12-14T16:51,28350.41,18310.08,0.20,0.20,1.0,34.7,220
2013-12-15,53,11.6,8.1,10.7,7.8,4.8,6.8,2013-12-15T08:59,2013-12-15T16:51,28307.38,6123.87,1.30,1.30,4.0,32.6,206
2013-12-16,53,12.6,8.1,11.3,9.8,6.5,7.9,2013-12-16T09:00,2013-12-16T16:51,28271.41,305.83,6.00,6.00,16.0,33.5,215
2013-12-17,53,7.9,4.9,6.2,6.1,2.5,3.8,2013-12-17T09:01,2013-12-17T16:52,28242.05,13080.80,5.40,5.40,12.0,11.3,75
2013-12-18,61,9.6,5.1,8.0,6.4,1.4,3.7,2013-12-18T09:02,2013-12-18T16:52,28219.19,9374.79,6.70,6.70,8.0,41.5,191
2013-12-19,61,9.4,4.0,6.0,5.0,-0.3,1.8,2013-12-19T09:02,2013-12-19T16:52,28202.79,22387.00,3.90,3.90,5.0,33.1,227
2013-12-20,3,9.6,1.8,5.4,3.9,-2.9,0.7,2013-12-20T09:03,2013-12-20T16:53,28192.84,22064.90,0.00,0.00,0.0,36.4,220
2013-12-21,61,10.9,9.8,10.1,6.0,3.2,4.8,2013-12-21T09:03,2013-12-21T16:53,28189.32,0.00,7.10,7.10,16.0,37.9,210
2013-12-22,61,8.8,4.3,7.1,4.4,-0.5,2.3,2013-12-22T09:04,2013-12-22T16:54,28192.19,18132.50,2.90,2.90,4.0,30.1,234
2013-12-23,61,11.3,3.8,8.0,5.4,-0.6,2.3,2013-12-23T09:04,2013-12-23T16:54,28201.41,0.00,14.50,14.50,14.0,49.4,199
2013-12-24,63,11.4,5.7,8.5,5.4,1.0,3.0,2013-12-24T09:05,2013-12-24T16:55,28216.95,12439.31,16.20,16.20,13.0,53.6,210
2013-12-25,61,7.1,3.1,4.6,3.6,-1.2,0.9,2013-12-25T09:05,2013-12-25T16:56,28238.75,21668.99,4.20,4.20,3.0,19.8,202
2013-12-26,3,6.8,2.2,4.0,3.3,-0.6,0.7,2013-12-26T09:05,2013-12-26T16:56,28266.77,22066.79,0.00,0.00,0.0,26.8,223
2013-12-27,61,11.1,6.7,8.9,5.7,0.5,2.9,2013-12-27T09:05,2013-12-27T16:57,28300.95,11906.13,6.50,6.50,8.0,44.1,212
2013-12-28,2,7.3,1.2,4.8,3.8,-2.1,1.0,2013-12-28T09:06,2013-12-28T16:58,28341.23,22519.52,0.00,0.00,0.0,18.2,229
2013-12-29,2,6.1,-0.3,2.3,2.4,-4.5,-1.7,2013-12-29T09:06,2013-12-29T16:59,28387.54,22637.61,0.00,0.00,0.0,24.4,235
2013-12-30,61,9.4,5.3,7.8,3.8,1.2,2.5,2013-12-30T09:06,2013-12-30T17:00,28439.83,4636.73,4.60,4.60,9.0,45.6,200
2013-12-31,53,9.6,5.2,7.3,4.9,1.4,3.3,2013-12-31T09:06,2013-12-31T17:01,28498.02,0.00,4.10,4.10,8.0,31.7,187
2014-01-01,61,10.1,6.2,8.0,5.6,1.4,2.8,2014-01-01T09:06,2014-01-01T17:02,28562.02,0.00,11.40,11.40,13.0,40.0,188
2014-01-02,55,9.8,5.4,7.9,5.5,1.4,4.0,2014-01-02T09:06,2014-01-02T17:03,28631.78,22483.90,1.50,1.50,3.0,27.4,211
2014-01-03,55,10.2,6.6,8.3,5.8,0.2,2.6,2014-01-03T09:05,2014-01-03T17:04,28707.20,21768.88,4.30,4.30,7.0,35.9,215
2014-01-04,63,8.6,3.6,7.0,4.9,-0.3,2.6,2014-01-04T09:05,2014-01-04T17:05,28788.20,0.00,18.00,18.00,18.0,33.1,207
2014-01-05,53,10.7,0.7,4.9,5.8,-3.2,0.5,2014-01-05T09:05,2014-01-05T17:06,28874.86,6997.11,0.60,0.60,1.0,34.3,196
2014-01-06,61,12.1,9.4,10.6,7.6,3.5,5.4,2014-01-06T09:05,2014-01-06T17:07,28968.13,21241.01,5.40,5.40,10.0,35.2,213
2014-01-07,53,10.6,8.9,9.5,6.0,3.4,4.4,2014-01-07T09:04,2014-01-07T17:09,29067.98,18204.96,1.70,1.70,5.0,33.9,215
2014-01-08,53,10.9,6.8,8.6,7.7,2.5,5.0,2014-01-08T09:04,2014-01-08T17:10,29174.15,19701.77,1.50,1.50,4.0,22.7,207
2014-01-09,51,11.3,4.2,8.4,7.7,0.3,3.9,2014-01-09T09:03,2014-01-09T17:11,29286.37,14568.57,0.90,0.90,5.0,34.5,239
2014-01-10,3,9.0,1.9,5.2,5.3,-1.7,1.6,2014-01-10T09:02,2014-01-10T17:13,29404.37,17463.31,0.00,0.00,0.0,17.6,220
2014-01-11,51,7.4,0.7,5.5,3.9,-2.3,2.1,2014-01-11T09:02,2014-01-11T17:14,29527.89,23475.71,1.00,1.00,5.0,19.4,255
2014-01-12,61,8.4,-2.2,3.3,4.4,-5.7,-0.7,2014-01-12T09:01,2014-01-12T17:16,29656.68,0.00,2.00,2.00,2.0,22.6,154
2014-01-13,53,9.4,4.8,6.6,5.6,1.2,2.7,2014-01-13T09:00,2014-01-13T17:17,29790.47,23098.95,2.20,2.20,6.0,25.9,208
2014-01-14,53,5.5,2.0,3.9,2.0,-1.7,0.4,2014-01-14T09:00,2014-01-14T17:19,29929.00,23957.02,1.70,1.70,6.0,16.3,246
2014-01-15,61,9.9,5.7,8.7,6.7,1.4,5.2,2014-01-15T08:59,2014-01-15T17:20,30072.03,0.00,7.70,7.70,11.0,23.0,200
2014-01-16,53,9.6,6.8,7.9,5.7,2.2,3.9,2014-01-16T08:58,2014-01-16T17:22,30219.31,22938.72,3.10,3.10,11.0,25.9,192
2014-01-17,3,9.1,5.6,7.2,4.7,1.9,3.0,2014-01-17T08:57,2014-01-17T17:23,30370.58,24262.10,0.00,0.00,0.0,25.8,202
2014-01-18,53,9.0,5.4,7.5,5.0,2.3,3.6,2014-01-18T08:56,2014-01-18T17:25,30525.61,19381.53,2.00,2.00,7.0,23.0,156
2014-01-19,51,7.4,1.0,5.5,4.4,-2.1,2.6,2014-01-19T08:55,2014-01-19T17:27,30684.15,19466.61,0.60,0.60,2.0,19.4,191
2014-01-20,3,8.2,0.3,3.3,6.6,-3.0,0.8,2014-01-20T08:54,2014-01-20T17:28,30845.99,23188.70,0.00,0.00,0.0,8.4,204
2014-01-21,3,7.2,1.7,4.1,3.5,-1.1,1.0,2014-01-21T08:53,2014-01-21T17:30,31010.88,21465.51,0.00,0.00,0.0,22.1,169
2014-01-22,61,9.0,4.2,6.6,6.4,0.8,3.5,2014-01-22T08:52,2014-01-22T17:32,31178.61,17676.84,5.60,5.60,7.0,22.9,192
2014-01-23,55,6.6,0.6,3.5,2.4,-3.2,-0.5,2014-01-23T08:51,2014-01-23T17:33,31348.96,19909.35,2.60,2.60,6.0,24.5,272
2014-01-24,55,6.6,0.1,3.7,3.1,-3.3,0.3,2014-01-24T08:49,2014-01-24T17:35,31521.71,0.00,3.70,3.70,4.0,18.7,174
2014-01-25,61,10.9,4.8,7.5,7.4,-1.2,3.6,2014-01-25T08:48,2014-01-25T17:37,31696.95,21719.85,4.40,4.40,5.0,43.8,248
2014-01-26,61,8.6,1.4,4.8,4.3,-2.5,-0.1,2014-01-26T08:47,2014-01-26T17:38,31876.50,0.00,4.90,4.90,7.0,33.1,233
2014-01-27,71,7.2,1.2,3.7,1.7,-4.1,-1.3,2014-01-27T08:46,2014-01-27T17:40,32060.47,24459.34,0.20,0.10,1.0,28.7,237
2014-01-28,51,7.8,3.7,5.4,3.5,-0.8,1.2,2014-01-28T08:44,2014-01-28T17:42,32248.55,17625.55,0.40,0.40,3.0,22.8,188
2014-01-29,53,4.8,2.9,4.0,1.0,-1.1,0.1,2014-01-29T08:43,2014-01-29T17:44,32440.44,0.00,11.80,11.80,24.0,19.5,96
2014-01-30,53,6.3,2.6,4.2,4.3,-0.4,1.4,2014-01-30T08:41,2014-01-30T17:45,32635.85,3018.44,3.10,3.10,13.0,15.4,59
2014-01-31,61,7.8,0.1,3.9,2.6,-2.5,-0.5,2014-01-31T08:40,2014-01-31T17:47,32834.50,0.00,6.80,6.80,10.0,34.6,176
2014-02-01,63,8.6,4.0,6.5,4.6,-0.9,1.0,2014-02-01T08:38,2014-02-01T17:49,33036.09,28096.33,6.00,6.00,5.0,34.7,213
2014-02-02,3,8.8,4.3,6.1,4.2,-0.2,1.5,2014-02-02T08:37,2014-02-02T17:51,33240.38,28391.87,0.00,0.00,0.0,31.6,219
2014-02-03,3,7.8,4.3,5.4,2.7,-0.5,0.8,2014-02-03T08:35,2014-02-03T17:53,33447.09,28034.58,0.00,0.00,0.0,29.3,147
2014-02-04,53,7.5,4.0,6.0,2.5,-0.4,1.1,2014-02-04T08:33,2014-02-04T17:55,33655.96,28681.25,2.50,2.50,9.0,34.3,174
2014-02-05,61,8.4,4.9,7.0,2.4,-1.7,0.4,2014-02-05T08:32,2014-02-05T17:56,33866.75,14797.51,11.60,11.60,12.0,46.5,188
2014-02-06,61,10.1,5.6,7.2,6.9,0.2,2.5,2014-02-06T08:30,2014-02-06T17:58,34079.22,0.00,11.00,11.00,13.0,31.8,201
2014-02-07,61,9.8,2.7,6.9,6.4,-2.6,2.4,2014-02-07T08:28,2014-02-07T18:00,34293.13,21573.81,8.40,8.40,13.0,30.7,232
2014-02-08,61,8.5,5.9,7.1,3.3,-1.4,0.8,2014-02-08T08:27,2014-02-08T18:02,34508.24,29868.57,6.20,6.20,11.0,39.3,203
2014-02-09,51,7.9,3.3,5.8,1.3,-2.4,-0.6,2014-02-09T08:25,2014-02-09T18:04,34724.34,27793.81,0.90,0.90,4.0,38.0,227
2014-02-10,53,8.0,2.2,4.6,5.1,-0.7,1.4,2014-02-10T08:23,2014-02-10T18:06,34941.21,22702.13,1.80,1.80,7.0,18.4,227
2014-02-11,61,6.5,2.1,4.6,1.7,-2.1,-0.5,2014-02-11T08:21,2014-02-11T18:07,35158.63,12768.14,5.20,5.20,7.0,37.9,221
2014-02-12,63,7.7,2.0,4.9,0.9,-3.1,-1.2,2014-02-12T08:19,2014-02-12T18:09,35376.41,4459.62,8.10,8.10,9.0,47.2,210
2014-02-13,51,7.4,3.0,4.7,1.5,-2.3,-0.7,2014-02-13T08:18,2014-02-13T18:11,35594.32,24729.94,0.10,0.10,1.0,30.2,238
2014-02-14,61,10.9,1.4,5.7,4.8,-2.7,0.2,2014-02-14T08:16,2014-02-14T18:13,35812.49,0.00,8.00,8.00,15.0,47.9,185
2014-02-15,53,9.5,4.8,7.9,3.0,-0.5,0.9,2014-02-15T08:14,2014-02-15T18:15,36032.89,28194.01,1.20,1.20,4.0,52.5,227
2014-02-16,2,8.8,1.5,4.6,4.8,-2.6,0.7,2014-02-16T08:12,2014-02-16T18:16,36255.71,31762.13,0.00,0.00,0.0,18.9,234
2014-02-17,51,9.8,2.0,6.4,5.2,-1.1,2.5,2014-02-17T08:10,2014-02-17T18:18,36480.73,12903.99,0.90,0.90,3.0,24.9,177
2014-02-18,61,10.6,5.2,7.7,7.8,2.3,4.7,2014-02-18T08:08,2014-02-18T18:20,36707.73,30422.47,3.70,3.70,9.0,22.0,200
2014-02-19,3,9.4,3.0,6.6,6.6,-0.4,3.5,2014-02-19T08:06,2014-02-19T18:22,36936.50,4163.78,0.00,0.00,0.0,17.0,235
2014-02-20,55,10.8,5.1,9.0,7.5,1.7,5.2,2014-02-20T08:04,2014-02-20T18:24,37166.82,12890.00,3.10,3.10,5.0,26.6,208
2014-02-21,3,9.1,2.4,5.6,3.1,-1.9,0.9,2014-02-21T08:02,2014-02-21T18:25,37398.49,33301.95,0.00,0.00,0.0,29.9,230
2014-02-22,3,10.4,3.6,6.7,5.7,-0.7,2.2,2014-02-22T08:00,2014-02-22T18:27,37631.32,33190.87,0.00,0.00,0.0,22.5,229
2014-02-23,51,11.2,7.2,9.5,5.9,2.3,4.4,2014-02-23T07:58,2014-02-23T18:29,37865.10,21849.84,0.60,0.60,4.0,35.1,198
2014-02-24,3,12.1,6.7,9.3,7.9,2.8,5.0,2014-02-24T07:56,2014-02-24T18:31,38099.64,28232.01,0.00,0.00,0.0,28.1,188
2014-02-25,55,10.2,5.7,8.3,5.7,2.1,4.0,2014-02-25T07:54,2014-02-25T18:33,38334.78,28486.63,5.80,5.80,13.0,29.8,199
2014-02-26,2,10.3,2.6,6.2,5.6,-1.0,2.4,2014-02-26T07:51,2014-02-26T18:34,38570.31,34450.89,0.00,0.00,0.0,20.0,222
2014-02-27,55,10.1,3.0,6.9,5.2,-0.3,2.3,2014-02-27T07:49,2014-02-27T18:36,38806.06,28512.68,4.80,4.80,6.0,31.3,221
2014-02-28,55,5.8,1.7,4.2,2.4,-1.8,0.5,2014-02-28T07:47,2014-02-28T18:38,39041.86,2445.08,9.80,9.80,18.0,17.7,65
